Neighborhood,ID,Afghan Restaurant,African Restaurant,American Restaurant,Asian Restaurant,BBQ Joint,Bagel Shop,Bakery,Bistro,Brazilian Restaurant,Breakfast Spot,Burger Joint,Burrito Place,Caf√©,Cajun / Creole Restaurant,Cantonese Restaurant,Caribbean Restaurant,Caucasian Restaurant,Chinese Restaurant,Comfort Food Restaurant,Creperie,Cuban Restaurant,Czech Restaurant,Deli / Bodega,Dim Sum Restaurant,Diner,Doner Restaurant,Donut Shop,Dumpling Restaurant,Eastern European Restaurant,Egyptian Restaurant,Ethiopian Restaurant,Falafel Restaurant,Fast Food Restaurant,Filipino Restaurant,Fish & Chips Shop,Food,Food Court,Food Truck,French Restaurant,Fried Chicken Joint,Gastropub,Greek Restaurant,Hakka Restaurant,Hotpot Restaurant,Hungarian Restaurant,Indian Chinese Restaurant,Indian Restaurant,Indonesian Restaurant,Irish Pub,Italian Restaurant,Japanese Restaurant,Kebab Restaurant,Korean Restaurant,Latin American Restaurant,Malay Restaurant,Mediterranean Restaurant,Mexican Restaurant,Middle Eastern Restaurant,New American Restaurant,Noodle House,Pakistani Restaurant,Persian Restaurant,Peruvian Restaurant,Pizza Place,Poke Place,Portuguese Restaurant,Poutine Place,Ramen Restaurant,Restaurant,Salad Place,Sandwich Place,Seafood Restaurant,Snack Place,Soup Place,South American Restaurant,Souvlaki Shop,Spanish Restaurant,Sri Lankan Restaurant,Steakhouse,Sushi Restaurant,Szechuan Restaurant,Taco Place,Tapas Restaurant,Thai Restaurant,Theme Restaurant,Tibetan Restaurant,Turkish Restaurant,Vegetarian / Vegan Restaurant,Vietnamese Restaurant,Wings Joint,Xinjiang Restaurant
West Humber-Clairville,1,100.0,0.0,66.66666666666666,66.66666666666666,0.0,0.0,12.5,0.0,0.0,20.0,50.0,0.0,0.0,0.0,0.0,50.0,0.0,40.0,0.0,0.0,0.0,0.0,25.0,0.0,66.66666666666666,0.0,0.0,0.0,0.0,0.0,0.0,0.0,25.0,0.0,50.0,0.0,0.0,0.0,0.0,50.0,0.0,16.666666666666664,0.0,0.0,0.0,0.0,75.0,0.0,0.0,0.0,20.0,0.0,0.0,0.0,0.0,50.0,0.0,0.0,0.0,0.0,0.0,0.0,0.0,22.22222222222222,0.0,0.0,0.0,0.0,57.14285714285714,0.0,50.0,0.0,0.0,0.0,0.0,0.0,0.0,0.0,75.0,20.0,0.0,0.0,0.0,20.0,0.0,0.0,0.0,0.0,0.0,0.0,0.0
Mount Olive-Silverstone-Jamestown,2,0.0,50.0,0.0,100.0,25.0,0.0,25.0,0.0,0.0,0.0,33.33333333333333,0.0,6.666666666666667,0.0,0.0,16.666666666666664,0.0,30.0,0.0,0.0,0.0,0.0,0.0,0.0,66.66666666666666,0.0,0.0,0.0,0.0,0.0,0.0,0.0,25.0,0.0,50.0,0.0,50.0,0.0,0.0,25.0,0.0,16.666666666666664,0.0,0.0,0.0,0.0,62.5,0.0,100.0,36.36363636363637,0.0,0.0,0.0,0.0,0.0,0.0,33.33333333333333,0.0,0.0,0.0,0.0,0.0,0.0,44.44444444444444,0.0,0.0,0.0,0.0,28.57142857142857,0.0,60.0,0.0,0.0,0.0,0.0,0.0,0.0,0.0,50.0,40.0,0.0,0.0,0.0,0.0,0.0,0.0,0.0,0.0,14.285714285714285,0.0,0.0
Thistletown-Beaumond Heights,3,0.0,50.0,0.0,100.0,0.0,0.0,12.5,0.0,0.0,20.0,33.33333333333333,0.0,6.666666666666667,0.0,0.0,33.33333333333333,0.0,30.0,0.0,0.0,0.0,0.0,0.0,0.0,33.33333333333333,0.0,0.0,0.0,0.0,0.0,0.0,0.0,25.0,0.0,50.0,0.0,50.0,0.0,0.0,75.0,0.0,0.0,0.0,0.0,0.0,0.0,62.5,0.0,0.0,27.27272727272727,20.0,0.0,0.0,0.0,0.0,0.0,33.33333333333333,0.0,0.0,0.0,0.0,0.0,0.0,55.55555555555556,0.0,0.0,0.0,0.0,28.57142857142857,0.0,60.0,0.0,0.0,0.0,0.0,0.0,0.0,0.0,25.0,0.0,0.0,0.0,0.0,0.0,0.0,0.0,0.0,0.0,57.14285714285714,0.0,0.0
Rexdale-Kipling,4,0.0,50.0,33.33333333333333,100.0,0.0,0.0,12.5,0.0,0.0,20.0,33.33333333333333,0.0,6.666666666666667,0.0,0.0,16.666666666666664,0.0,40.0,0.0,0.0,0.0,0.0,0.0,0.0,66.66666666666666,0.0,0.0,0.0,0.0,0.0,0.0,0.0,37.5,0.0,50.0,0.0,50.0,0.0,0.0,50.0,0.0,0.0,0.0,0.0,0.0,0.0,50.0,0.0,0.0,9.090909090909092,40.0,0.0,0.0,0.0,0.0,0.0,33.33333333333333,0.0,0.0,0.0,0.0,0.0,0.0,22.22222222222222,0.0,0.0,0.0,0.0,57.14285714285714,0.0,40.0,0.0,0.0,0.0,0.0,0.0,0.0,0.0,75.0,20.0,0.0,0.0,0.0,20.0,0.0,0.0,0.0,0.0,42.857142857142854,0.0,0.0
Elms-Old Rexdale,5,0.0,50.0,33.33333333333333,100.0,0.0,0.0,37.5,0.0,0.0,20.0,33.33333333333333,0.0,6.666666666666667,0.0,0.0,16.666666666666664,0.0,40.0,0.0,0.0,0.0,0.0,0.0,0.0,66.66666666666666,0.0,0.0,0.0,0.0,0.0,0.0,0.0,37.5,0.0,50.0,0.0,50.0,0.0,0.0,0.0,0.0,0.0,0.0,0.0,0.0,0.0,37.5,0.0,0.0,9.090909090909092,40.0,0.0,0.0,0.0,0.0,0.0,0.0,0.0,0.0,0.0,0.0,0.0,0.0,33.33333333333333,0.0,0.0,0.0,0.0,42.857142857142854,0.0,80.0,0.0,0.0,0.0,0.0,0.0,0.0,0.0,25.0,20.0,0.0,0.0,0.0,20.0,0.0,0.0,0.0,0.0,42.857142857142854,0.0,0.0
Kingsview Village-The Westway,6,0.0,50.0,66.66666666666666,66.66666666666666,0.0,0.0,50.0,0.0,0.0,20.0,16.666666666666664,0.0,13.333333333333334,0.0,0.0,16.666666666666664,0.0,30.0,0.0,0.0,0.0,0.0,0.0,0.0,66.66666666666666,0.0,0.0,0.0,50.0,0.0,0.0,0.0,12.5,0.0,50.0,0.0,0.0,0.0,0.0,50.0,0.0,0.0,0.0,0.0,0.0,0.0,0.0,0.0,0.0,18.181818181818183,40.0,0.0,0.0,0.0,0.0,0.0,0.0,0.0,0.0,0.0,0.0,0.0,0.0,44.44444444444444,0.0,0.0,0.0,0.0,85.71428571428571,0.0,60.0,0.0,0.0,0.0,0.0,0.0,0.0,0.0,50.0,20.0,0.0,0.0,0.0,20.0,0.0,0.0,0.0,0.0,28.57142857142857,0.0,0.0
Willowridge-Martingrove-Richview,7,0.0,0.0,66.66666666666666,66.66666666666666,0.0,0.0,62.5,0.0,0.0,20.0,33.33333333333333,0.0,6.666666666666667,0.0,0.0,0.0,0.0,20.0,0.0,0.0,0.0,0.0,0.0,0.0,66.66666666666666,0.0,0.0,0.0,100.0,0.0,0.0,0.0,0.0,0.0,100.0,0.0,0.0,0.0,0.0,0.0,0.0,16.666666666666664,0.0,0.0,0.0,0.0,0.0,0.0,0.0,27.27272727272727,40.0,0.0,0.0,0.0,0.0,0.0,0.0,0.0,0.0,0.0,0.0,0.0,0.0,33.33333333333333,0.0,0.0,0.0,0.0,100.0,0.0,40.0,0.0,0.0,0.0,0.0,0.0,0.0,0.0,50.0,60.0,0.0,0.0,50.0,40.0,0.0,0.0,50.0,0.0,0.0,0.0,0.0
Humber Heights-Westmount,8,0.0,0.0,0.0,100.0,25.0,0.0,87.5,0.0,0.0,20.0,50.0,0.0,20.0,100.0,0.0,0.0,0.0,30.0,0.0,0.0,0.0,0.0,0.0,0.0,100.0,0.0,0.0,0.0,0.0,0.0,0.0,100.0,0.0,0.0,50.0,0.0,0.0,100.0,0.0,25.0,0.0,0.0,0.0,0.0,0.0,0.0,0.0,0.0,0.0,36.36363636363637,40.0,0.0,0.0,0.0,0.0,0.0,0.0,0.0,0.0,0.0,0.0,0.0,0.0,44.44444444444444,0.0,0.0,0.0,0.0,28.57142857142857,0.0,20.0,0.0,0.0,0.0,0.0,0.0,0.0,0.0,0.0,20.0,0.0,100.0,50.0,0.0,0.0,0.0,0.0,0.0,42.857142857142854,0.0,0.0
Edenbridge-Humber Valley,9,0.0,0.0,0.0,0.0,0.0,0.0,75.0,0.0,0.0,40.0,50.0,0.0,33.33333333333333,0.0,0.0,0.0,0.0,10.0,0.0,0.0,0.0,0.0,25.0,0.0,66.66666666666666,0.0,0.0,0.0,50.0,0.0,0.0,0.0,0.0,0.0,50.0,0.0,0.0,100.0,0.0,0.0,40.0,0.0,0.0,0.0,0.0,0.0,12.5,0.0,0.0,45.45454545454545,40.0,0.0,0.0,0.0,0.0,0.0,33.33333333333333,0.0,0.0,0.0,0.0,0.0,0.0,33.33333333333333,0.0,0.0,0.0,0.0,14.285714285714285,0.0,0.0,66.66666666666666,0.0,0.0,0.0,0.0,0.0,0.0,0.0,40.0,0.0,0.0,100.0,40.0,0.0,0.0,100.0,0.0,14.285714285714285,50.0,0.0
Princess-Rosethorn,10,0.0,0.0,100.0,0.0,0.0,0.0,37.5,0.0,0.0,60.0,50.0,0.0,6.666666666666667,0.0,0.0,0.0,0.0,10.0,0.0,0.0,0.0,0.0,0.0,0.0,33.33333333333333,0.0,0.0,0.0,100.0,0.0,0.0,0.0,0.0,0.0,0.0,0.0,0.0,0.0,0.0,0.0,20.0,16.666666666666664,0.0,0.0,0.0,0.0,0.0,0.0,0.0,27.27272727272727,20.0,0.0,0.0,0.0,0.0,0.0,0.0,0.0,0.0,0.0,0.0,0.0,0.0,55.55555555555556,0.0,0.0,0.0,0.0,71.42857142857143,0.0,40.0,33.33333333333333,0.0,0.0,0.0,0.0,0.0,0.0,50.0,60.0,0.0,0.0,100.0,40.0,0.0,0.0,100.0,0.0,0.0,50.0,0.0
Eringate-Centennial-West Deane,11,0.0,0.0,33.33333333333333,33.33333333333333,0.0,0.0,25.0,0.0,0.0,40.0,50.0,75.0,6.666666666666667,0.0,0.0,33.33333333333333,0.0,10.0,0.0,0.0,0.0,0.0,25.0,0.0,0.0,0.0,0.0,0.0,100.0,0.0,0.0,0.0,0.0,0.0,50.0,0.0,0.0,0.0,0.0,0.0,0.0,16.666666666666664,0.0,0.0,0.0,0.0,0.0,0.0,0.0,9.090909090909092,80.0,0.0,0.0,0.0,0.0,50.0,66.66666666666666,30.0,0.0,0.0,0.0,0.0,0.0,11.11111111111111,0.0,100.0,0.0,0.0,42.857142857142854,0.0,30.0,0.0,0.0,0.0,0.0,0.0,0.0,0.0,75.0,20.0,0.0,0.0,50.0,20.0,0.0,0.0,100.0,0.0,28.57142857142857,0.0,0.0
Markland Wood,12,0.0,0.0,33.33333333333333,33.33333333333333,25.0,0.0,62.5,0.0,0.0,40.0,66.66666666666666,100.0,6.666666666666667,0.0,0.0,0.0,0.0,10.0,0.0,0.0,0.0,0.0,25.0,0.0,0.0,0.0,0.0,0.0,100.0,0.0,0.0,0.0,25.0,0.0,0.0,0.0,50.0,0.0,0.0,0.0,0.0,16.666666666666664,0.0,0.0,0.0,0.0,0.0,0.0,0.0,0.0,40.0,100.0,0.0,0.0,0.0,0.0,0.0,20.0,100.0,0.0,0.0,0.0,0.0,22.22222222222222,0.0,100.0,0.0,0.0,14.285714285714285,0.0,40.0,66.66666666666666,0.0,0.0,0.0,0.0,0.0,0.0,25.0,0.0,0.0,0.0,50.0,20.0,0.0,0.0,50.0,0.0,42.857142857142854,0.0,0.0
Etobicoke West Mall,13,0.0,0.0,0.0,33.33333333333333,0.0,0.0,50.0,0.0,0.0,40.0,66.66666666666666,75.0,6.666666666666667,0.0,0.0,0.0,0.0,10.0,0.0,0.0,0.0,0.0,25.0,0.0,0.0,0.0,0.0,0.0,100.0,0.0,0.0,0.0,12.5,0.0,50.0,0.0,50.0,0.0,0.0,0.0,20.0,16.666666666666664,0.0,0.0,0.0,0.0,0.0,0.0,0.0,18.181818181818183,20.0,100.0,0.0,0.0,0.0,0.0,0.0,20.0,100.0,0.0,0.0,0.0,0.0,11.11111111111111,0.0,100.0,0.0,0.0,28.57142857142857,0.0,30.0,100.0,0.0,0.0,0.0,0.0,0.0,0.0,25.0,0.0,0.0,0.0,100.0,20.0,0.0,0.0,100.0,0.0,28.57142857142857,50.0,0.0
Islington-City Centre West,14,0.0,0.0,0.0,0.0,25.0,0.0,50.0,0.0,0.0,60.0,50.0,50.0,6.666666666666667,0.0,0.0,0.0,0.0,10.0,100.0,0.0,0.0,0.0,25.0,0.0,0.0,0.0,0.0,0.0,0.0,0.0,0.0,0.0,25.0,0.0,0.0,0.0,50.0,0.0,0.0,0.0,20.0,16.666666666666664,0.0,0.0,0.0,0.0,0.0,0.0,0.0,18.181818181818183,20.0,0.0,0.0,0.0,0.0,0.0,0.0,20.0,100.0,0.0,0.0,0.0,0.0,44.44444444444444,0.0,100.0,0.0,0.0,28.57142857142857,0.0,10.0,100.0,0.0,0.0,0.0,0.0,0.0,0.0,0.0,40.0,0.0,0.0,100.0,40.0,0.0,0.0,100.0,0.0,28.57142857142857,50.0,0.0
Kingsway South,15,0.0,0.0,0.0,0.0,0.0,0.0,50.0,0.0,0.0,20.0,33.33333333333333,50.0,40.0,0.0,0.0,0.0,0.0,0.0,100.0,0.0,100.0,0.0,50.0,0.0,33.33333333333333,0.0,0.0,0.0,0.0,0.0,0.0,0.0,12.5,0.0,50.0,0.0,0.0,0.0,0.0,0.0,40.0,0.0,0.0,0.0,0.0,0.0,25.0,0.0,0.0,45.45454545454545,0.0,0.0,0.0,0.0,0.0,0.0,0.0,0.0,0.0,0.0,0.0,0.0,0.0,44.44444444444444,0.0,0.0,0.0,0.0,28.57142857142857,0.0,0.0,66.66666666666666,100.0,100.0,0.0,0.0,0.0,0.0,0.0,60.0,0.0,0.0,100.0,40.0,0.0,0.0,50.0,0.0,0.0,50.0,0.0
Stonegate-Queensway,16,0.0,0.0,0.0,0.0,25.0,0.0,37.5,0.0,0.0,20.0,33.33333333333333,50.0,26.666666666666668,0.0,0.0,0.0,0.0,0.0,100.0,0.0,0.0,0.0,25.0,0.0,0.0,0.0,0.0,0.0,50.0,0.0,0.0,0.0,12.5,0.0,50.0,0.0,0.0,0.0,50.0,0.0,20.0,0.0,0.0,0.0,0.0,0.0,12.5,0.0,0.0,81.81818181818183,0.0,0.0,0.0,0.0,0.0,0.0,33.33333333333333,0.0,0.0,0.0,0.0,0.0,0.0,44.44444444444444,0.0,0.0,0.0,0.0,14.285714285714285,0.0,0.0,33.33333333333333,0.0,0.0,0.0,0.0,0.0,0.0,0.0,100.0,0.0,100.0,100.0,60.0,0.0,0.0,50.0,0.0,0.0,50.0,0.0
Mimico,17,0.0,0.0,0.0,0.0,25.0,0.0,25.0,0.0,0.0,80.0,33.33333333333333,50.0,20.0,0.0,0.0,0.0,0.0,0.0,100.0,0.0,0.0,0.0,25.0,0.0,0.0,0.0,0.0,0.0,50.0,0.0,0.0,0.0,12.5,0.0,0.0,0.0,0.0,0.0,0.0,0.0,20.0,0.0,0.0,0.0,0.0,0.0,12.5,0.0,0.0,72.72727272727273,20.0,0.0,0.0,0.0,0.0,0.0,33.33333333333333,10.0,0.0,0.0,0.0,0.0,0.0,44.44444444444444,0.0,0.0,0.0,0.0,28.57142857142857,0.0,10.0,66.66666666666666,0.0,0.0,0.0,0.0,100.0,0.0,0.0,100.0,0.0,0.0,50.0,40.0,0.0,0.0,0.0,0.0,0.0,50.0,0.0
New Toronto,18,0.0,0.0,0.0,0.0,25.0,0.0,50.0,0.0,0.0,60.0,33.33333333333333,75.0,20.0,0.0,0.0,0.0,0.0,0.0,100.0,0.0,0.0,0.0,0.0,0.0,0.0,0.0,0.0,0.0,0.0,0.0,0.0,0.0,25.0,0.0,0.0,0.0,0.0,0.0,0.0,0.0,0.0,16.666666666666664,0.0,0.0,0.0,0.0,25.0,0.0,0.0,45.45454545454545,20.0,0.0,0.0,0.0,0.0,0.0,33.33333333333333,20.0,100.0,0.0,0.0,0.0,0.0,33.33333333333333,0.0,0.0,0.0,0.0,28.57142857142857,0.0,10.0,66.66666666666666,0.0,0.0,50.0,0.0,0.0,0.0,0.0,100.0,0.0,0.0,0.0,60.0,0.0,0.0,0.0,0.0,0.0,50.0,0.0
Long Branch,19,0.0,0.0,0.0,0.0,0.0,0.0,50.0,0.0,0.0,60.0,50.0,75.0,20.0,0.0,0.0,0.0,0.0,0.0,0.0,0.0,0.0,0.0,25.0,0.0,0.0,0.0,100.0,0.0,0.0,0.0,0.0,0.0,25.0,0.0,0.0,0.0,50.0,0.0,0.0,0.0,0.0,16.666666666666664,0.0,0.0,0.0,0.0,12.5,0.0,0.0,36.36363636363637,20.0,100.0,0.0,0.0,0.0,0.0,33.33333333333333,20.0,100.0,0.0,0.0,0.0,0.0,33.33333333333333,0.0,100.0,0.0,0.0,28.57142857142857,0.0,10.0,100.0,0.0,0.0,50.0,0.0,0.0,0.0,0.0,40.0,0.0,0.0,0.0,40.0,0.0,0.0,0.0,0.0,0.0,100.0,0.0
Alderwood,20,0.0,0.0,0.0,0.0,0.0,0.0,62.5,0.0,0.0,60.0,50.0,75.0,26.666666666666668,0.0,0.0,0.0,0.0,10.0,0.0,0.0,0.0,0.0,25.0,0.0,0.0,0.0,0.0,0.0,0.0,0.0,0.0,0.0,25.0,0.0,0.0,0.0,50.0,0.0,0.0,25.0,0.0,16.666666666666664,0.0,0.0,0.0,0.0,0.0,0.0,0.0,27.27272727272727,20.0,100.0,0.0,0.0,0.0,0.0,33.33333333333333,30.0,100.0,0.0,0.0,0.0,0.0,33.33333333333333,0.0,100.0,0.0,0.0,28.57142857142857,0.0,10.0,100.0,0.0,0.0,50.0,0.0,0.0,0.0,0.0,0.0,0.0,0.0,0.0,40.0,0.0,0.0,0.0,0.0,14.285714285714285,50.0,0.0
Humber Summit,21,0.0,50.0,33.33333333333333,33.33333333333333,25.0,0.0,37.5,0.0,0.0,20.0,50.0,0.0,6.666666666666667,0.0,0.0,33.33333333333333,0.0,30.0,0.0,0.0,0.0,0.0,0.0,0.0,66.66666666666666,0.0,0.0,0.0,0.0,0.0,0.0,0.0,37.5,0.0,50.0,0.0,100.0,0.0,0.0,0.0,0.0,0.0,0.0,0.0,0.0,0.0,37.5,0.0,0.0,36.36363636363637,20.0,0.0,0.0,0.0,0.0,0.0,33.33333333333333,0.0,0.0,0.0,0.0,0.0,0.0,11.11111111111111,0.0,0.0,100.0,0.0,28.57142857142857,0.0,40.0,0.0,0.0,0.0,0.0,0.0,0.0,0.0,100.0,20.0,0.0,0.0,0.0,0.0,0.0,0.0,0.0,0.0,28.57142857142857,50.0,0.0
Humbermede,22,0.0,50.0,33.33333333333333,100.0,0.0,0.0,12.5,0.0,0.0,40.0,16.666666666666664,0.0,6.666666666666667,0.0,0.0,50.0,0.0,30.0,0.0,0.0,0.0,0.0,0.0,0.0,33.33333333333333,0.0,0.0,0.0,0.0,0.0,0.0,0.0,25.0,0.0,50.0,0.0,100.0,0.0,0.0,25.0,0.0,0.0,0.0,0.0,0.0,0.0,37.5,0.0,0.0,27.27272727272727,40.0,0.0,0.0,0.0,0.0,0.0,33.33333333333333,0.0,0.0,0.0,0.0,0.0,0.0,44.44444444444444,0.0,0.0,100.0,0.0,42.857142857142854,0.0,30.0,0.0,0.0,0.0,0.0,0.0,0.0,0.0,75.0,0.0,0.0,0.0,0.0,0.0,0.0,0.0,0.0,0.0,57.14285714285714,0.0,0.0
Pelmo Park-Humberlea,23,0.0,50.0,0.0,100.0,0.0,0.0,37.5,0.0,0.0,20.0,16.666666666666664,25.0,6.666666666666667,0.0,0.0,16.666666666666664,0.0,30.0,0.0,0.0,0.0,0.0,0.0,0.0,66.66666666666666,0.0,0.0,0.0,0.0,0.0,0.0,50.0,12.5,0.0,50.0,0.0,50.0,0.0,0.0,25.0,0.0,0.0,0.0,0.0,0.0,0.0,25.0,0.0,0.0,9.090909090909092,20.0,0.0,0.0,0.0,0.0,0.0,0.0,0.0,100.0,0.0,0.0,0.0,0.0,44.44444444444444,0.0,0.0,0.0,0.0,57.14285714285714,0.0,70.0,0.0,0.0,0.0,0.0,0.0,0.0,0.0,25.0,20.0,0.0,0.0,0.0,20.0,0.0,0.0,0.0,0.0,71.42857142857143,0.0,0.0
Black Creek,24,0.0,50.0,33.33333333333333,66.66666666666666,0.0,0.0,12.5,0.0,0.0,40.0,50.0,0.0,6.666666666666667,0.0,0.0,33.33333333333333,100.0,20.0,0.0,0.0,0.0,0.0,0.0,0.0,33.33333333333333,0.0,0.0,0.0,50.0,0.0,0.0,0.0,37.5,0.0,0.0,0.0,100.0,0.0,0.0,25.0,0.0,0.0,0.0,0.0,0.0,0.0,0.0,0.0,0.0,36.36363636363637,0.0,0.0,0.0,100.0,0.0,0.0,0.0,30.0,0.0,0.0,0.0,0.0,0.0,33.33333333333333,0.0,0.0,100.0,0.0,57.14285714285714,0.0,30.0,0.0,0.0,0.0,0.0,0.0,0.0,0.0,75.0,20.0,0.0,0.0,0.0,20.0,0.0,0.0,0.0,0.0,14.285714285714285,50.0,0.0
Glenfield-Jane Heights,25,0.0,50.0,0.0,33.33333333333333,0.0,0.0,12.5,0.0,0.0,20.0,0.0,25.0,13.333333333333334,0.0,0.0,33.33333333333333,0.0,10.0,0.0,0.0,0.0,0.0,0.0,0.0,33.33333333333333,0.0,0.0,0.0,0.0,0.0,0.0,50.0,25.0,0.0,50.0,0.0,100.0,0.0,50.0,25.0,0.0,0.0,0.0,0.0,0.0,0.0,0.0,0.0,0.0,9.090909090909092,20.0,0.0,0.0,100.0,0.0,0.0,0.0,30.0,100.0,0.0,0.0,0.0,0.0,66.66666666666666,0.0,0.0,0.0,0.0,28.57142857142857,0.0,40.0,0.0,0.0,0.0,0.0,0.0,0.0,0.0,25.0,20.0,0.0,0.0,0.0,20.0,0.0,0.0,100.0,0.0,100.0,0.0,0.0
Downsview-Roding-CFB,26,0.0,0.0,66.66666666666666,33.33333333333333,0.0,0.0,25.0,0.0,0.0,20.0,0.0,25.0,20.0,0.0,0.0,16.666666666666664,0.0,10.0,0.0,0.0,0.0,0.0,50.0,0.0,33.33333333333333,0.0,0.0,0.0,0.0,0.0,0.0,50.0,12.5,0.0,0.0,0.0,100.0,0.0,50.0,50.0,0.0,33.33333333333333,0.0,0.0,0.0,0.0,0.0,0.0,0.0,18.181818181818183,20.0,0.0,0.0,100.0,0.0,100.0,33.33333333333333,20.0,100.0,0.0,0.0,0.0,0.0,22.22222222222222,0.0,0.0,0.0,0.0,71.42857142857143,0.0,10.0,0.0,0.0,0.0,0.0,0.0,0.0,0.0,25.0,20.0,0.0,0.0,0.0,0.0,0.0,0.0,100.0,0.0,57.14285714285714,0.0,0.0
York University Heights,27,0.0,0.0,0.0,33.33333333333333,0.0,33.33333333333333,12.5,0.0,0.0,40.0,0.0,25.0,0.0,0.0,0.0,16.666666666666664,100.0,10.0,0.0,0.0,0.0,0.0,25.0,0.0,0.0,100.0,0.0,0.0,50.0,0.0,0.0,50.0,25.0,0.0,0.0,0.0,50.0,0.0,50.0,0.0,0.0,0.0,0.0,0.0,0.0,0.0,0.0,0.0,0.0,18.181818181818183,0.0,0.0,0.0,0.0,0.0,50.0,0.0,50.0,100.0,0.0,0.0,0.0,0.0,33.33333333333333,0.0,0.0,0.0,0.0,85.71428571428571,0.0,30.0,0.0,0.0,0.0,0.0,0.0,0.0,0.0,50.0,40.0,0.0,0.0,0.0,20.0,0.0,0.0,100.0,0.0,42.857142857142854,100.0,0.0
Rustic,28,0.0,50.0,66.66666666666666,0.0,25.0,0.0,50.0,0.0,0.0,0.0,16.666666666666664,25.0,20.0,0.0,0.0,16.666666666666664,0.0,20.0,0.0,0.0,0.0,0.0,0.0,0.0,33.33333333333333,0.0,0.0,0.0,0.0,0.0,0.0,100.0,25.0,0.0,50.0,0.0,100.0,0.0,0.0,50.0,0.0,33.33333333333333,0.0,0.0,0.0,0.0,0.0,0.0,0.0,9.090909090909092,40.0,0.0,0.0,100.0,0.0,50.0,33.33333333333333,0.0,100.0,0.0,0.0,0.0,0.0,0.0,0.0,0.0,0.0,0.0,71.42857142857143,0.0,10.0,0.0,0.0,0.0,0.0,0.0,0.0,0.0,25.0,20.0,0.0,0.0,0.0,0.0,0.0,0.0,100.0,0.0,71.42857142857143,0.0,0.0
Maple Leaf,29,0.0,0.0,66.66666666666666,33.33333333333333,25.0,0.0,37.5,0.0,0.0,20.0,16.666666666666664,25.0,6.666666666666667,0.0,0.0,16.666666666666664,0.0,10.0,0.0,0.0,0.0,0.0,25.0,0.0,33.33333333333333,0.0,0.0,0.0,0.0,0.0,0.0,100.0,12.5,0.0,0.0,0.0,100.0,0.0,50.0,50.0,0.0,33.33333333333333,0.0,0.0,0.0,0.0,0.0,0.0,0.0,9.090909090909092,40.0,0.0,0.0,100.0,0.0,100.0,33.33333333333333,20.0,100.0,0.0,0.0,0.0,0.0,11.11111111111111,0.0,0.0,0.0,0.0,71.42857142857143,0.0,10.0,0.0,0.0,0.0,0.0,0.0,0.0,0.0,25.0,20.0,0.0,0.0,0.0,0.0,0.0,0.0,100.0,0.0,57.14285714285714,0.0,0.0
Brookhaven-Amesbury,30,0.0,0.0,0.0,0.0,25.0,0.0,62.5,0.0,100.0,20.0,0.0,25.0,33.33333333333333,0.0,0.0,16.666666666666664,0.0,10.0,0.0,0.0,0.0,0.0,25.0,0.0,33.33333333333333,0.0,0.0,0.0,0.0,0.0,0.0,100.0,12.5,0.0,0.0,0.0,50.0,0.0,0.0,50.0,40.0,33.33333333333333,0.0,0.0,0.0,0.0,12.5,0.0,0.0,54.54545454545454,20.0,0.0,0.0,0.0,0.0,0.0,33.33333333333333,0.0,0.0,0.0,0.0,0.0,0.0,0.0,0.0,0.0,0.0,0.0,42.857142857142854,0.0,0.0,33.33333333333333,100.0,0.0,50.0,0.0,0.0,0.0,25.0,20.0,0.0,0.0,0.0,0.0,0.0,0.0,50.0,0.0,42.857142857142854,0.0,0.0
Yorkdale-Glen Park,31,0.0,0.0,66.66666666666666,0.0,25.0,33.33333333333333,62.5,0.0,50.0,20.0,16.666666666666664,25.0,33.33333333333333,0.0,0.0,16.666666666666664,0.0,10.0,0.0,0.0,0.0,0.0,25.0,0.0,0.0,0.0,0.0,0.0,0.0,0.0,0.0,100.0,0.0,0.0,0.0,0.0,50.0,0.0,0.0,0.0,20.0,0.0,0.0,0.0,0.0,0.0,12.5,0.0,0.0,90.9090909090909,20.0,0.0,0.0,0.0,0.0,50.0,33.33333333333333,10.0,100.0,0.0,0.0,0.0,0.0,0.0,0.0,0.0,0.0,0.0,28.57142857142857,0.0,10.0,0.0,0.0,0.0,50.0,0.0,0.0,0.0,25.0,40.0,0.0,0.0,0.0,0.0,0.0,0.0,50.0,0.0,14.285714285714285,0.0,0.0
Englemount-Lawrence,32,0.0,0.0,66.66666666666666,0.0,50.0,33.33333333333333,62.5,0.0,0.0,20.0,16.666666666666664,0.0,46.666666666666664,0.0,0.0,16.666666666666664,0.0,0.0,0.0,0.0,0.0,0.0,100.0,0.0,0.0,0.0,0.0,0.0,0.0,0.0,0.0,0.0,0.0,0.0,0.0,0.0,50.0,0.0,50.0,0.0,20.0,0.0,0.0,0.0,0.0,0.0,12.5,100.0,0.0,72.72727272727273,60.0,0.0,0.0,0.0,0.0,50.0,0.0,0.0,0.0,0.0,0.0,0.0,0.0,0.0,0.0,0.0,0.0,33.33333333333333,28.57142857142857,0.0,10.0,0.0,0.0,0.0,50.0,0.0,0.0,0.0,25.0,20.0,0.0,0.0,0.0,0.0,0.0,0.0,50.0,0.0,14.285714285714285,0.0,0.0
Clanton Park,33,0.0,0.0,66.66666666666666,0.0,25.0,33.33333333333333,62.5,0.0,0.0,20.0,33.33333333333333,25.0,13.333333333333334,0.0,0.0,16.666666666666664,0.0,0.0,0.0,0.0,0.0,0.0,50.0,0.0,0.0,0.0,0.0,0.0,0.0,0.0,0.0,50.0,0.0,0.0,0.0,0.0,50.0,0.0,50.0,25.0,0.0,0.0,0.0,0.0,0.0,0.0,0.0,0.0,0.0,9.090909090909092,60.0,0.0,10.0,0.0,0.0,50.0,0.0,20.0,100.0,0.0,0.0,0.0,0.0,33.33333333333333,100.0,0.0,0.0,33.33333333333333,42.857142857142854,0.0,20.0,33.33333333333333,0.0,0.0,0.0,0.0,0.0,0.0,50.0,60.0,0.0,0.0,0.0,20.0,0.0,0.0,50.0,0.0,14.285714285714285,0.0,0.0
Bathurst Manor,34,0.0,0.0,0.0,66.66666666666666,0.0,33.33333333333333,12.5,0.0,0.0,40.0,0.0,0.0,6.666666666666667,0.0,0.0,16.666666666666664,100.0,10.0,0.0,0.0,0.0,0.0,75.0,0.0,0.0,100.0,0.0,0.0,50.0,0.0,0.0,0.0,0.0,0.0,0.0,0.0,50.0,0.0,100.0,25.0,0.0,0.0,0.0,0.0,0.0,0.0,0.0,0.0,0.0,9.090909090909092,20.0,0.0,30.0,0.0,0.0,50.0,0.0,70.0,0.0,0.0,0.0,0.0,0.0,22.22222222222222,0.0,0.0,0.0,33.33333333333333,57.14285714285714,0.0,20.0,33.33333333333333,0.0,0.0,0.0,0.0,0.0,0.0,50.0,60.0,0.0,0.0,0.0,40.0,0.0,0.0,0.0,0.0,14.285714285714285,0.0,0.0
Westminster-Branson,35,0.0,0.0,0.0,33.33333333333333,25.0,66.66666666666666,12.5,0.0,0.0,20.0,16.666666666666664,0.0,6.666666666666667,0.0,0.0,0.0,100.0,10.0,0.0,0.0,0.0,0.0,50.0,0.0,0.0,100.0,0.0,0.0,50.0,0.0,0.0,0.0,0.0,0.0,0.0,0.0,0.0,0.0,50.0,0.0,0.0,16.666666666666664,0.0,0.0,0.0,0.0,0.0,0.0,0.0,9.090909090909092,40.0,0.0,70.0,0.0,0.0,50.0,0.0,80.0,0.0,0.0,0.0,0.0,0.0,33.33333333333333,0.0,0.0,0.0,33.33333333333333,42.857142857142854,0.0,0.0,33.33333333333333,0.0,0.0,0.0,0.0,0.0,0.0,25.0,40.0,0.0,0.0,0.0,20.0,0.0,0.0,0.0,50.0,14.285714285714285,50.0,0.0
Newtonbrook West,36,0.0,0.0,0.0,0.0,25.0,100.0,25.0,0.0,0.0,20.0,16.666666666666664,0.0,20.0,0.0,0.0,0.0,0.0,0.0,0.0,0.0,0.0,0.0,50.0,0.0,0.0,100.0,0.0,0.0,50.0,0.0,0.0,0.0,12.5,0.0,0.0,0.0,0.0,0.0,50.0,25.0,0.0,33.33333333333333,0.0,0.0,0.0,0.0,0.0,0.0,0.0,0.0,40.0,0.0,80.0,0.0,0.0,50.0,0.0,50.0,0.0,0.0,0.0,0.0,0.0,11.11111111111111,0.0,0.0,0.0,33.33333333333333,28.57142857142857,0.0,0.0,66.66666666666666,0.0,0.0,0.0,0.0,0.0,0.0,25.0,60.0,0.0,0.0,0.0,40.0,0.0,0.0,0.0,50.0,14.285714285714285,0.0,0.0
Willowdale West,37,0.0,0.0,0.0,33.33333333333333,0.0,33.33333333333333,50.0,0.0,0.0,0.0,16.666666666666664,0.0,20.0,0.0,0.0,0.0,0.0,0.0,0.0,0.0,0.0,0.0,50.0,0.0,0.0,100.0,0.0,0.0,50.0,0.0,0.0,0.0,0.0,0.0,0.0,0.0,0.0,0.0,100.0,25.0,0.0,16.666666666666664,0.0,0.0,0.0,0.0,0.0,0.0,0.0,9.090909090909092,60.0,0.0,70.0,0.0,0.0,50.0,0.0,60.0,0.0,0.0,0.0,50.0,0.0,0.0,0.0,0.0,0.0,33.33333333333333,14.285714285714285,0.0,10.0,66.66666666666666,0.0,0.0,0.0,0.0,0.0,0.0,25.0,60.0,0.0,0.0,0.0,40.0,0.0,0.0,0.0,50.0,14.285714285714285,0.0,0.0
Lansing-Westgate,38,0.0,0.0,0.0,0.0,25.0,33.33333333333333,37.5,0.0,0.0,20.0,50.0,0.0,26.666666666666668,0.0,0.0,0.0,0.0,0.0,0.0,0.0,0.0,0.0,50.0,0.0,0.0,0.0,0.0,100.0,0.0,0.0,0.0,0.0,0.0,0.0,0.0,0.0,0.0,0.0,50.0,25.0,0.0,0.0,0.0,0.0,0.0,0.0,0.0,0.0,0.0,9.090909090909092,80.0,0.0,60.0,0.0,0.0,50.0,0.0,40.0,0.0,0.0,0.0,0.0,0.0,33.33333333333333,100.0,0.0,0.0,66.66666666666666,28.57142857142857,0.0,10.0,33.33333333333333,0.0,0.0,0.0,0.0,0.0,0.0,25.0,60.0,0.0,0.0,0.0,20.0,0.0,0.0,0.0,0.0,14.285714285714285,0.0,0.0
Bedford Park-Nortown,39,0.0,0.0,33.33333333333333,0.0,25.0,33.33333333333333,62.5,0.0,0.0,20.0,16.666666666666664,0.0,33.33333333333333,0.0,0.0,16.666666666666664,0.0,0.0,0.0,0.0,0.0,0.0,100.0,0.0,0.0,0.0,0.0,0.0,0.0,0.0,0.0,0.0,0.0,0.0,0.0,0.0,50.0,0.0,50.0,25.0,20.0,0.0,0.0,0.0,0.0,0.0,25.0,100.0,0.0,54.54545454545454,40.0,0.0,0.0,0.0,0.0,50.0,0.0,20.0,0.0,0.0,0.0,0.0,0.0,0.0,0.0,0.0,0.0,66.66666666666666,28.57142857142857,0.0,10.0,33.33333333333333,0.0,0.0,0.0,0.0,0.0,0.0,50.0,60.0,0.0,0.0,0.0,20.0,0.0,0.0,0.0,0.0,0.0,0.0,0.0
St.Andrew-Windfields,40,0.0,0.0,33.33333333333333,0.0,25.0,33.33333333333333,50.0,0.0,0.0,20.0,33.33333333333333,0.0,20.0,0.0,100.0,50.0,0.0,10.0,0.0,0.0,0.0,0.0,0.0,100.0,0.0,0.0,0.0,0.0,0.0,0.0,0.0,0.0,12.5,100.0,0.0,0.0,0.0,0.0,50.0,25.0,0.0,0.0,0.0,0.0,0.0,0.0,0.0,0.0,0.0,18.181818181818183,60.0,0.0,20.0,0.0,0.0,100.0,33.33333333333333,20.0,100.0,0.0,0.0,100.0,0.0,0.0,100.0,0.0,0.0,33.33333333333333,28.57142857142857,0.0,10.0,66.66666666666666,0.0,0.0,0.0,0.0,0.0,0.0,25.0,40.0,0.0,0.0,0.0,40.0,0.0,0.0,0.0,0.0,0.0,0.0,0.0
Bridle Path-Sunnybrook-York Mills,41,0.0,0.0,0.0,66.66666666666666,50.0,33.33333333333333,62.5,0.0,0.0,0.0,33.33333333333333,0.0,40.0,0.0,100.0,0.0,0.0,0.0,0.0,0.0,0.0,0.0,25.0,0.0,0.0,0.0,0.0,0.0,0.0,0.0,0.0,0.0,12.5,0.0,50.0,0.0,0.0,0.0,50.0,0.0,20.0,0.0,0.0,0.0,0.0,0.0,25.0,0.0,0.0,72.72727272727273,60.0,0.0,0.0,0.0,0.0,0.0,33.33333333333333,0.0,100.0,0.0,0.0,0.0,0.0,0.0,0.0,0.0,0.0,33.33333333333333,28.57142857142857,0.0,10.0,0.0,0.0,0.0,0.0,0.0,0.0,0.0,0.0,80.0,0.0,100.0,0.0,0.0,0.0,0.0,0.0,50.0,14.285714285714285,0.0,0.0
Banbury-Don Mills,42,100.0,0.0,33.33333333333333,0.0,25.0,33.33333333333333,62.5,0.0,0.0,0.0,16.666666666666664,0.0,33.33333333333333,0.0,100.0,33.33333333333333,0.0,0.0,0.0,0.0,0.0,0.0,0.0,0.0,0.0,0.0,0.0,0.0,0.0,0.0,0.0,0.0,0.0,100.0,50.0,0.0,0.0,0.0,50.0,0.0,0.0,0.0,0.0,0.0,0.0,0.0,25.0,0.0,0.0,18.181818181818183,60.0,0.0,0.0,0.0,0.0,100.0,33.33333333333333,60.0,100.0,0.0,100.0,50.0,0.0,11.11111111111111,0.0,0.0,0.0,0.0,57.14285714285714,0.0,10.0,33.33333333333333,0.0,0.0,0.0,0.0,0.0,0.0,0.0,20.0,0.0,0.0,0.0,20.0,0.0,0.0,0.0,0.0,14.285714285714285,0.0,0.0
Victoria Village,43,100.0,0.0,66.66666666666666,33.33333333333333,25.0,33.33333333333333,50.0,0.0,0.0,20.0,33.33333333333333,50.0,6.666666666666667,0.0,100.0,33.33333333333333,0.0,10.0,0.0,0.0,0.0,0.0,25.0,0.0,0.0,0.0,0.0,0.0,0.0,0.0,0.0,0.0,0.0,0.0,50.0,0.0,0.0,0.0,0.0,0.0,20.0,16.666666666666664,0.0,0.0,0.0,0.0,12.5,0.0,0.0,9.090909090909092,40.0,0.0,10.0,0.0,0.0,50.0,33.33333333333333,60.0,100.0,0.0,0.0,0.0,0.0,0.0,0.0,0.0,0.0,0.0,57.14285714285714,0.0,20.0,66.66666666666666,0.0,0.0,0.0,0.0,0.0,0.0,0.0,0.0,0.0,0.0,0.0,20.0,0.0,0.0,50.0,50.0,14.285714285714285,0.0,0.0
Flemingdon Park,44,100.0,0.0,66.66666666666666,33.33333333333333,25.0,0.0,50.0,0.0,0.0,20.0,0.0,0.0,46.666666666666664,0.0,100.0,16.666666666666664,0.0,0.0,0.0,0.0,0.0,0.0,0.0,0.0,33.33333333333333,0.0,0.0,0.0,0.0,100.0,100.0,0.0,0.0,0.0,50.0,0.0,0.0,0.0,0.0,0.0,40.0,50.0,0.0,0.0,100.0,0.0,37.5,0.0,0.0,9.090909090909092,20.0,0.0,0.0,0.0,0.0,0.0,33.33333333333333,30.0,100.0,0.0,0.0,0.0,0.0,22.22222222222222,0.0,0.0,0.0,0.0,28.57142857142857,0.0,20.0,0.0,0.0,0.0,0.0,0.0,0.0,0.0,0.0,0.0,0.0,0.0,50.0,20.0,0.0,0.0,100.0,0.0,14.285714285714285,0.0,0.0
Parkwoods-Donalda,45,0.0,0.0,66.66666666666666,0.0,0.0,33.33333333333333,50.0,0.0,0.0,20.0,50.0,25.0,13.333333333333334,0.0,100.0,50.0,0.0,0.0,0.0,0.0,0.0,0.0,0.0,0.0,0.0,0.0,0.0,0.0,0.0,0.0,0.0,100.0,0.0,0.0,0.0,0.0,0.0,0.0,0.0,0.0,0.0,16.666666666666664,0.0,0.0,0.0,0.0,25.0,0.0,0.0,27.27272727272727,60.0,0.0,10.0,0.0,0.0,100.0,33.33333333333333,100.0,100.0,0.0,0.0,0.0,0.0,0.0,0.0,0.0,0.0,0.0,28.57142857142857,0.0,0.0,33.33333333333333,0.0,0.0,0.0,0.0,0.0,0.0,0.0,20.0,0.0,0.0,0.0,20.0,0.0,0.0,0.0,0.0,14.285714285714285,0.0,0.0
Pleasant View,46,0.0,0.0,33.33333333333333,0.0,50.0,33.33333333333333,87.5,0.0,0.0,20.0,16.666666666666664,50.0,0.0,0.0,100.0,83.33333333333334,0.0,80.0,0.0,0.0,0.0,0.0,0.0,0.0,0.0,0.0,0.0,0.0,0.0,0.0,0.0,100.0,0.0,0.0,0.0,100.0,0.0,0.0,0.0,0.0,0.0,16.666666666666664,0.0,100.0,0.0,0.0,0.0,0.0,0.0,18.181818181818183,20.0,0.0,0.0,0.0,0.0,50.0,33.33333333333333,20.0,0.0,66.66666666666666,0.0,0.0,0.0,0.0,0.0,0.0,0.0,0.0,14.285714285714285,0.0,0.0,33.33333333333333,0.0,0.0,0.0,0.0,0.0,0.0,0.0,40.0,100.0,0.0,0.0,0.0,0.0,0.0,0.0,50.0,14.285714285714285,0.0,0.0
Don Valley Village,47,0.0,0.0,33.33333333333333,0.0,50.0,66.66666666666666,75.0,0.0,0.0,60.0,16.666666666666664,25.0,6.666666666666667,0.0,100.0,83.33333333333334,0.0,70.0,0.0,0.0,0.0,0.0,0.0,0.0,0.0,0.0,0.0,0.0,0.0,0.0,0.0,100.0,0.0,0.0,0.0,0.0,0.0,0.0,0.0,0.0,0.0,16.666666666666664,0.0,100.0,0.0,0.0,0.0,0.0,0.0,18.181818181818183,20.0,0.0,10.0,0.0,0.0,50.0,33.33333333333333,20.0,0.0,0.0,0.0,0.0,0.0,0.0,0.0,0.0,0.0,0.0,14.285714285714285,0.0,0.0,66.66666666666666,0.0,0.0,0.0,0.0,0.0,0.0,0.0,40.0,100.0,0.0,0.0,20.0,0.0,0.0,0.0,0.0,14.285714285714285,0.0,0.0
Hillcrest Village,48,0.0,0.0,33.33333333333333,0.0,50.0,33.33333333333333,75.0,0.0,0.0,60.0,16.666666666666664,25.0,0.0,0.0,100.0,66.66666666666666,0.0,80.0,0.0,0.0,0.0,0.0,0.0,0.0,0.0,0.0,0.0,0.0,0.0,0.0,0.0,100.0,0.0,0.0,0.0,100.0,0.0,0.0,0.0,0.0,0.0,33.33333333333333,0.0,100.0,0.0,0.0,0.0,0.0,0.0,18.181818181818183,80.0,0.0,0.0,0.0,0.0,0.0,33.33333333333333,10.0,0.0,33.33333333333333,0.0,0.0,0.0,11.11111111111111,0.0,0.0,0.0,0.0,14.285714285714285,0.0,0.0,0.0,0.0,0.0,0.0,0.0,0.0,0.0,0.0,40.0,100.0,0.0,0.0,20.0,0.0,0.0,0.0,0.0,14.285714285714285,0.0,0.0
Bayview Woods-Steeles,49,0.0,0.0,33.33333333333333,0.0,25.0,33.33333333333333,75.0,0.0,0.0,40.0,16.666666666666664,0.0,6.666666666666667,0.0,100.0,33.33333333333333,0.0,40.0,0.0,0.0,0.0,0.0,0.0,0.0,0.0,0.0,0.0,0.0,0.0,0.0,0.0,0.0,12.5,0.0,0.0,100.0,0.0,0.0,0.0,0.0,0.0,33.33333333333333,0.0,0.0,0.0,0.0,0.0,0.0,0.0,0.0,60.0,0.0,70.0,0.0,0.0,0.0,0.0,30.0,0.0,0.0,0.0,0.0,0.0,11.11111111111111,0.0,0.0,0.0,33.33333333333333,14.285714285714285,0.0,0.0,66.66666666666666,0.0,0.0,0.0,0.0,0.0,0.0,25.0,40.0,100.0,0.0,0.0,40.0,0.0,0.0,0.0,50.0,0.0,50.0,0.0
Newtonbrook East,50,0.0,0.0,0.0,0.0,0.0,100.0,37.5,0.0,0.0,20.0,16.666666666666664,0.0,20.0,0.0,0.0,0.0,0.0,20.0,0.0,0.0,0.0,0.0,25.0,0.0,0.0,100.0,0.0,0.0,0.0,0.0,0.0,0.0,12.5,0.0,0.0,0.0,0.0,0.0,50.0,25.0,0.0,33.33333333333333,0.0,0.0,0.0,0.0,0.0,0.0,0.0,0.0,40.0,0.0,90.0,0.0,0.0,0.0,0.0,40.0,0.0,0.0,0.0,50.0,0.0,11.11111111111111,0.0,0.0,0.0,33.33333333333333,0.0,0.0,0.0,66.66666666666666,0.0,0.0,0.0,0.0,0.0,0.0,25.0,60.0,100.0,0.0,0.0,40.0,0.0,0.0,0.0,50.0,14.285714285714285,50.0,0.0
Willowdale East,51,0.0,0.0,0.0,0.0,0.0,33.33333333333333,37.5,0.0,0.0,20.0,33.33333333333333,0.0,20.0,0.0,0.0,0.0,0.0,10.0,0.0,0.0,0.0,0.0,0.0,0.0,0.0,0.0,0.0,100.0,0.0,0.0,0.0,0.0,0.0,0.0,0.0,0.0,0.0,0.0,50.0,25.0,0.0,16.666666666666664,0.0,0.0,0.0,0.0,0.0,0.0,0.0,9.090909090909092,60.0,0.0,100.0,0.0,0.0,50.0,0.0,40.0,0.0,0.0,0.0,50.0,0.0,33.33333333333333,100.0,0.0,0.0,100.0,28.57142857142857,0.0,10.0,33.33333333333333,0.0,0.0,0.0,0.0,0.0,0.0,25.0,40.0,0.0,0.0,0.0,20.0,0.0,0.0,0.0,0.0,0.0,0.0,0.0
Bayview Village,52,0.0,0.0,33.33333333333333,0.0,0.0,33.33333333333333,62.5,0.0,0.0,40.0,33.33333333333333,0.0,6.666666666666667,0.0,0.0,50.0,0.0,20.0,0.0,0.0,0.0,0.0,25.0,0.0,0.0,0.0,0.0,0.0,0.0,0.0,0.0,50.0,0.0,0.0,0.0,0.0,0.0,0.0,50.0,25.0,0.0,0.0,0.0,0.0,0.0,0.0,0.0,0.0,0.0,9.090909090909092,60.0,0.0,50.0,0.0,0.0,100.0,0.0,40.0,0.0,0.0,0.0,50.0,0.0,22.22222222222222,0.0,0.0,0.0,33.33333333333333,28.57142857142857,0.0,0.0,66.66666666666666,0.0,0.0,0.0,0.0,0.0,0.0,25.0,40.0,100.0,0.0,0.0,40.0,0.0,0.0,0.0,0.0,0.0,0.0,0.0
Henry Farm,53,0.0,0.0,66.66666666666666,0.0,0.0,33.33333333333333,62.5,0.0,0.0,40.0,33.33333333333333,50.0,13.333333333333334,0.0,100.0,83.33333333333334,0.0,20.0,0.0,0.0,0.0,0.0,0.0,0.0,0.0,0.0,0.0,0.0,0.0,0.0,0.0,100.0,0.0,0.0,0.0,0.0,0.0,0.0,0.0,0.0,0.0,16.666666666666664,0.0,100.0,0.0,0.0,12.5,0.0,0.0,18.181818181818183,20.0,0.0,0.0,0.0,0.0,100.0,66.66666666666666,60.0,100.0,0.0,0.0,0.0,0.0,0.0,0.0,0.0,0.0,0.0,28.57142857142857,0.0,0.0,33.33333333333333,0.0,0.0,0.0,0.0,0.0,0.0,0.0,20.0,100.0,0.0,0.0,20.0,0.0,0.0,0.0,0.0,14.285714285714285,0.0,0.0
O'Connor-Parkview,54,100.0,0.0,33.33333333333333,33.33333333333333,50.0,33.33333333333333,62.5,0.0,0.0,20.0,0.0,0.0,40.0,0.0,0.0,0.0,0.0,0.0,0.0,0.0,0.0,0.0,0.0,0.0,33.33333333333333,0.0,0.0,0.0,0.0,100.0,100.0,0.0,0.0,0.0,50.0,0.0,0.0,0.0,0.0,0.0,60.0,50.0,0.0,0.0,100.0,0.0,25.0,0.0,0.0,9.090909090909092,20.0,0.0,0.0,0.0,0.0,0.0,33.33333333333333,40.0,100.0,0.0,0.0,0.0,0.0,22.22222222222222,0.0,0.0,0.0,0.0,14.285714285714285,0.0,20.0,0.0,0.0,0.0,0.0,0.0,0.0,0.0,0.0,0.0,0.0,0.0,0.0,40.0,0.0,0.0,100.0,50.0,14.285714285714285,0.0,0.0
Thorncliffe Park,55,100.0,0.0,33.33333333333333,0.0,75.0,33.33333333333333,50.0,0.0,0.0,0.0,0.0,0.0,66.66666666666666,0.0,100.0,0.0,0.0,0.0,0.0,0.0,0.0,0.0,0.0,0.0,33.33333333333333,0.0,0.0,0.0,0.0,100.0,100.0,0.0,0.0,0.0,50.0,0.0,0.0,0.0,0.0,0.0,40.0,66.66666666666666,0.0,0.0,0.0,0.0,37.5,0.0,0.0,45.45454545454545,20.0,0.0,0.0,0.0,0.0,0.0,33.33333333333333,10.0,100.0,0.0,0.0,0.0,0.0,22.22222222222222,0.0,0.0,0.0,0.0,14.285714285714285,0.0,10.0,0.0,0.0,0.0,0.0,0.0,0.0,0.0,0.0,0.0,0.0,0.0,50.0,0.0,0.0,0.0,50.0,50.0,0.0,0.0,0.0
Leaside-Bennington,56,100.0,0.0,33.33333333333333,33.33333333333333,50.0,66.66666666666666,62.5,0.0,0.0,20.0,0.0,0.0,40.0,0.0,0.0,0.0,0.0,0.0,0.0,0.0,0.0,0.0,25.0,0.0,0.0,0.0,100.0,0.0,0.0,0.0,0.0,0.0,0.0,0.0,50.0,0.0,0.0,0.0,0.0,0.0,20.0,33.33333333333333,0.0,0.0,0.0,0.0,37.5,100.0,0.0,90.9090909090909,0.0,0.0,0.0,0.0,0.0,0.0,0.0,0.0,0.0,0.0,0.0,0.0,0.0,22.22222222222222,0.0,0.0,0.0,33.33333333333333,0.0,0.0,20.0,33.33333333333333,0.0,0.0,0.0,0.0,0.0,0.0,0.0,40.0,0.0,0.0,50.0,0.0,0.0,0.0,50.0,50.0,0.0,0.0,0.0
Broadview North,57,0.0,0.0,33.33333333333333,33.33333333333333,75.0,0.0,50.0,0.0,0.0,20.0,33.33333333333333,0.0,46.666666666666664,0.0,0.0,16.666666666666664,0.0,0.0,0.0,0.0,100.0,0.0,0.0,0.0,66.66666666666666,0.0,100.0,0.0,0.0,100.0,100.0,0.0,0.0,0.0,50.0,0.0,0.0,0.0,50.0,0.0,40.0,100.0,0.0,0.0,0.0,0.0,0.0,0.0,0.0,18.181818181818183,40.0,0.0,0.0,0.0,0.0,0.0,0.0,0.0,0.0,0.0,0.0,0.0,0.0,22.22222222222222,0.0,0.0,0.0,0.0,14.285714285714285,0.0,10.0,0.0,0.0,0.0,0.0,0.0,0.0,0.0,0.0,20.0,0.0,0.0,50.0,20.0,100.0,0.0,50.0,0.0,14.285714285714285,0.0,0.0
Old East York,58,100.0,0.0,33.33333333333333,66.66666666666666,50.0,0.0,37.5,0.0,0.0,20.0,16.666666666666664,25.0,46.666666666666664,0.0,0.0,0.0,0.0,0.0,0.0,0.0,0.0,0.0,0.0,0.0,66.66666666666666,0.0,0.0,0.0,0.0,100.0,100.0,0.0,0.0,0.0,50.0,0.0,0.0,0.0,50.0,0.0,60.0,66.66666666666666,0.0,0.0,100.0,0.0,37.5,0.0,0.0,18.181818181818183,20.0,0.0,0.0,100.0,0.0,0.0,0.0,10.0,0.0,0.0,0.0,0.0,0.0,44.44444444444444,0.0,0.0,0.0,0.0,0.0,0.0,10.0,0.0,100.0,0.0,0.0,0.0,0.0,0.0,0.0,0.0,0.0,0.0,50.0,0.0,0.0,0.0,50.0,0.0,14.285714285714285,0.0,0.0
Danforth East York,59,100.0,0.0,33.33333333333333,66.66666666666666,50.0,0.0,25.0,0.0,0.0,20.0,16.666666666666664,25.0,46.666666666666664,0.0,0.0,0.0,0.0,0.0,0.0,0.0,0.0,0.0,0.0,0.0,66.66666666666666,0.0,0.0,0.0,0.0,100.0,100.0,0.0,0.0,0.0,50.0,0.0,0.0,0.0,50.0,0.0,60.0,66.66666666666666,0.0,0.0,100.0,0.0,12.5,0.0,0.0,18.181818181818183,0.0,0.0,0.0,100.0,0.0,0.0,0.0,20.0,0.0,0.0,100.0,0.0,0.0,55.55555555555556,0.0,0.0,0.0,0.0,0.0,0.0,10.0,0.0,100.0,0.0,0.0,0.0,0.0,0.0,0.0,20.0,0.0,0.0,50.0,0.0,0.0,0.0,50.0,0.0,14.285714285714285,0.0,0.0
Woodbine-Lumsden,60,0.0,0.0,66.66666666666666,33.33333333333333,75.0,33.33333333333333,50.0,0.0,0.0,60.0,0.0,25.0,26.666666666666668,0.0,0.0,0.0,0.0,0.0,0.0,0.0,0.0,0.0,0.0,0.0,33.33333333333333,0.0,100.0,0.0,0.0,100.0,100.0,0.0,0.0,0.0,50.0,0.0,0.0,0.0,0.0,0.0,100.0,33.33333333333333,0.0,0.0,100.0,0.0,37.5,0.0,0.0,9.090909090909092,20.0,0.0,0.0,0.0,0.0,50.0,0.0,20.0,0.0,0.0,0.0,0.0,0.0,44.44444444444444,0.0,0.0,0.0,0.0,14.285714285714285,0.0,10.0,0.0,100.0,0.0,0.0,0.0,0.0,0.0,0.0,0.0,0.0,0.0,0.0,20.0,0.0,0.0,50.0,50.0,0.0,0.0,0.0
Taylor-Massey,61,0.0,0.0,66.66666666666666,66.66666666666666,50.0,33.33333333333333,37.5,0.0,0.0,60.0,0.0,25.0,20.0,0.0,0.0,16.666666666666664,0.0,0.0,0.0,0.0,0.0,0.0,0.0,0.0,0.0,0.0,100.0,0.0,0.0,100.0,100.0,0.0,0.0,100.0,50.0,0.0,0.0,0.0,50.0,0.0,100.0,0.0,0.0,0.0,100.0,0.0,37.5,0.0,0.0,0.0,20.0,0.0,0.0,0.0,0.0,100.0,33.33333333333333,20.0,0.0,0.0,0.0,0.0,0.0,33.33333333333333,0.0,0.0,0.0,0.0,14.285714285714285,0.0,20.0,0.0,100.0,0.0,0.0,0.0,0.0,0.0,0.0,0.0,0.0,0.0,0.0,20.0,0.0,0.0,100.0,50.0,0.0,0.0,0.0
East End-Danforth,62,0.0,0.0,66.66666666666666,33.33333333333333,50.0,33.33333333333333,25.0,0.0,0.0,80.0,0.0,25.0,20.0,0.0,0.0,16.666666666666664,0.0,0.0,0.0,0.0,0.0,0.0,0.0,0.0,33.33333333333333,0.0,100.0,0.0,0.0,100.0,100.0,0.0,0.0,100.0,50.0,0.0,0.0,0.0,50.0,0.0,100.0,0.0,0.0,0.0,100.0,0.0,25.0,0.0,0.0,0.0,20.0,0.0,0.0,100.0,0.0,100.0,33.33333333333333,20.0,0.0,0.0,0.0,0.0,0.0,55.55555555555556,0.0,0.0,0.0,0.0,14.285714285714285,0.0,10.0,0.0,100.0,0.0,0.0,0.0,0.0,0.0,0.0,0.0,0.0,0.0,0.0,20.0,0.0,0.0,50.0,50.0,0.0,0.0,0.0
The Beaches,63,0.0,0.0,66.66666666666666,33.33333333333333,50.0,33.33333333333333,50.0,0.0,0.0,80.0,0.0,25.0,40.0,0.0,0.0,0.0,0.0,0.0,0.0,0.0,0.0,0.0,0.0,0.0,33.33333333333333,0.0,0.0,0.0,0.0,100.0,100.0,0.0,12.5,0.0,50.0,0.0,0.0,0.0,50.0,0.0,80.0,0.0,0.0,0.0,100.0,0.0,25.0,0.0,0.0,0.0,40.0,0.0,0.0,100.0,0.0,100.0,33.33333333333333,10.0,0.0,0.0,100.0,0.0,0.0,33.33333333333333,0.0,0.0,0.0,0.0,0.0,0.0,0.0,0.0,100.0,0.0,0.0,0.0,0.0,0.0,0.0,40.0,0.0,0.0,0.0,20.0,0.0,0.0,0.0,50.0,0.0,0.0,0.0
Woodbine Corridor,64,0.0,0.0,66.66666666666666,33.33333333333333,50.0,33.33333333333333,25.0,0.0,0.0,20.0,0.0,25.0,46.666666666666664,0.0,0.0,0.0,0.0,0.0,0.0,0.0,0.0,0.0,0.0,0.0,33.33333333333333,0.0,100.0,0.0,0.0,100.0,100.0,0.0,0.0,0.0,50.0,0.0,0.0,0.0,50.0,0.0,80.0,33.33333333333333,0.0,0.0,100.0,0.0,25.0,0.0,0.0,9.090909090909092,0.0,0.0,0.0,100.0,0.0,100.0,0.0,20.0,0.0,0.0,100.0,0.0,0.0,55.55555555555556,0.0,0.0,0.0,0.0,0.0,0.0,10.0,0.0,100.0,0.0,0.0,0.0,0.0,0.0,0.0,20.0,0.0,0.0,0.0,20.0,0.0,0.0,50.0,50.0,0.0,0.0,0.0
Greenwood-Coxwell,65,0.0,0.0,66.66666666666666,66.66666666666666,25.0,0.0,12.5,0.0,0.0,20.0,0.0,25.0,46.666666666666664,0.0,0.0,0.0,0.0,0.0,0.0,0.0,0.0,0.0,0.0,0.0,66.66666666666666,0.0,100.0,0.0,0.0,100.0,100.0,0.0,0.0,0.0,50.0,0.0,0.0,0.0,50.0,0.0,60.0,50.0,0.0,0.0,100.0,0.0,37.5,0.0,0.0,9.090909090909092,0.0,0.0,0.0,100.0,0.0,50.0,0.0,30.0,0.0,0.0,100.0,0.0,0.0,55.55555555555556,0.0,0.0,0.0,0.0,0.0,0.0,0.0,0.0,100.0,0.0,0.0,0.0,0.0,0.0,0.0,20.0,0.0,100.0,0.0,0.0,0.0,0.0,50.0,0.0,28.57142857142857,0.0,0.0
Danforth,66,0.0,0.0,66.66666666666666,100.0,25.0,0.0,25.0,0.0,0.0,40.0,16.666666666666664,25.0,53.333333333333336,0.0,0.0,0.0,0.0,0.0,0.0,0.0,0.0,0.0,0.0,0.0,33.33333333333333,0.0,100.0,0.0,0.0,100.0,100.0,0.0,0.0,0.0,0.0,0.0,0.0,0.0,50.0,0.0,60.0,66.66666666666666,0.0,0.0,100.0,0.0,25.0,0.0,0.0,18.181818181818183,0.0,0.0,0.0,100.0,0.0,0.0,0.0,20.0,0.0,0.0,0.0,0.0,0.0,44.44444444444444,0.0,0.0,0.0,0.0,0.0,0.0,10.0,0.0,100.0,0.0,0.0,0.0,0.0,0.0,0.0,0.0,0.0,0.0,50.0,20.0,0.0,0.0,50.0,0.0,14.285714285714285,0.0,0.0
Playter Estates-Danforth,67,0.0,0.0,33.33333333333333,33.33333333333333,50.0,0.0,25.0,0.0,0.0,0.0,16.666666666666664,0.0,53.333333333333336,0.0,0.0,16.666666666666664,0.0,0.0,0.0,0.0,100.0,0.0,0.0,0.0,100.0,0.0,100.0,0.0,0.0,100.0,100.0,0.0,0.0,0.0,0.0,0.0,0.0,0.0,50.0,0.0,60.0,83.33333333333334,0.0,0.0,0.0,0.0,0.0,0.0,0.0,18.181818181818183,40.0,0.0,0.0,100.0,0.0,0.0,0.0,10.0,0.0,0.0,0.0,0.0,0.0,33.33333333333333,0.0,0.0,0.0,0.0,28.57142857142857,0.0,0.0,0.0,0.0,0.0,0.0,0.0,0.0,0.0,0.0,0.0,0.0,100.0,50.0,40.0,100.0,0.0,50.0,0.0,14.285714285714285,0.0,0.0
North Riverdale,68,0.0,0.0,33.33333333333333,66.66666666666666,25.0,0.0,37.5,0.0,0.0,0.0,16.666666666666664,25.0,46.666666666666664,0.0,0.0,0.0,0.0,0.0,0.0,0.0,0.0,0.0,0.0,0.0,100.0,0.0,100.0,0.0,0.0,100.0,100.0,0.0,0.0,0.0,0.0,0.0,0.0,0.0,50.0,0.0,60.0,66.66666666666666,0.0,0.0,0.0,0.0,0.0,0.0,0.0,18.181818181818183,40.0,0.0,0.0,100.0,0.0,50.0,0.0,10.0,0.0,0.0,0.0,0.0,0.0,44.44444444444444,0.0,0.0,0.0,0.0,28.57142857142857,0.0,0.0,0.0,100.0,0.0,0.0,0.0,0.0,0.0,0.0,0.0,0.0,100.0,50.0,40.0,0.0,0.0,50.0,0.0,14.285714285714285,0.0,0.0
Blake-Jones,69,0.0,0.0,33.33333333333333,66.66666666666666,25.0,0.0,25.0,0.0,0.0,0.0,16.666666666666664,25.0,46.666666666666664,0.0,0.0,0.0,0.0,0.0,0.0,0.0,0.0,0.0,0.0,0.0,66.66666666666666,0.0,0.0,0.0,0.0,100.0,100.0,0.0,0.0,0.0,0.0,0.0,0.0,0.0,50.0,0.0,60.0,66.66666666666666,0.0,0.0,100.0,0.0,12.5,0.0,0.0,18.181818181818183,0.0,0.0,0.0,100.0,0.0,50.0,0.0,10.0,0.0,0.0,100.0,0.0,0.0,55.55555555555556,0.0,0.0,0.0,0.0,14.285714285714285,0.0,10.0,0.0,100.0,0.0,0.0,0.0,0.0,0.0,0.0,20.0,0.0,100.0,50.0,20.0,0.0,0.0,50.0,0.0,28.57142857142857,0.0,0.0
South Riverdale,70,0.0,0.0,66.66666666666666,66.66666666666666,0.0,0.0,12.5,100.0,0.0,0.0,0.0,0.0,60.0,0.0,0.0,0.0,0.0,0.0,0.0,100.0,0.0,0.0,0.0,0.0,66.66666666666666,0.0,0.0,0.0,0.0,100.0,0.0,0.0,0.0,0.0,0.0,0.0,0.0,100.0,100.0,0.0,20.0,16.666666666666664,0.0,0.0,0.0,0.0,12.5,0.0,0.0,36.36363636363637,80.0,0.0,0.0,100.0,0.0,50.0,33.33333333333333,20.0,0.0,0.0,0.0,0.0,0.0,33.33333333333333,0.0,0.0,0.0,0.0,42.857142857142854,0.0,0.0,0.0,100.0,0.0,0.0,0.0,0.0,0.0,0.0,0.0,0.0,100.0,0.0,40.0,0.0,0.0,0.0,50.0,14.285714285714285,0.0,0.0
Cabbagetown-South St.James Town,71,0.0,0.0,66.66666666666666,33.33333333333333,25.0,0.0,12.5,0.0,0.0,0.0,0.0,0.0,46.666666666666664,0.0,0.0,0.0,0.0,0.0,0.0,0.0,0.0,0.0,0.0,0.0,100.0,0.0,0.0,0.0,0.0,0.0,0.0,0.0,0.0,0.0,0.0,0.0,0.0,100.0,100.0,0.0,80.0,33.33333333333333,0.0,0.0,0.0,0.0,0.0,0.0,0.0,45.45454545454545,80.0,0.0,0.0,0.0,0.0,50.0,0.0,20.0,0.0,0.0,0.0,0.0,0.0,11.11111111111111,0.0,0.0,0.0,33.33333333333333,28.57142857142857,0.0,10.0,0.0,0.0,0.0,0.0,0.0,0.0,0.0,25.0,20.0,0.0,100.0,50.0,60.0,100.0,0.0,0.0,0.0,14.285714285714285,0.0,0.0
Regent Park,72,0.0,0.0,33.33333333333333,33.33333333333333,0.0,0.0,25.0,100.0,0.0,0.0,0.0,0.0,53.333333333333336,0.0,0.0,0.0,0.0,0.0,0.0,100.0,0.0,0.0,0.0,0.0,100.0,0.0,0.0,0.0,0.0,0.0,0.0,0.0,0.0,0.0,0.0,0.0,0.0,100.0,100.0,0.0,80.0,16.666666666666664,0.0,0.0,0.0,0.0,0.0,0.0,0.0,27.27272727272727,80.0,0.0,0.0,0.0,0.0,50.0,0.0,20.0,0.0,0.0,0.0,0.0,0.0,11.11111111111111,0.0,0.0,0.0,33.33333333333333,42.857142857142854,0.0,10.0,0.0,0.0,0.0,0.0,0.0,0.0,0.0,25.0,0.0,0.0,100.0,50.0,60.0,100.0,0.0,0.0,50.0,14.285714285714285,0.0,0.0
Moss Park,73,0.0,0.0,33.33333333333333,33.33333333333333,0.0,0.0,12.5,100.0,0.0,0.0,0.0,0.0,46.666666666666664,0.0,0.0,0.0,0.0,0.0,0.0,100.0,0.0,0.0,0.0,0.0,100.0,0.0,0.0,0.0,0.0,0.0,0.0,0.0,0.0,0.0,0.0,0.0,0.0,100.0,50.0,0.0,100.0,0.0,0.0,0.0,0.0,0.0,0.0,0.0,0.0,27.27272727272727,100.0,0.0,0.0,0.0,0.0,50.0,0.0,20.0,100.0,0.0,0.0,0.0,0.0,11.11111111111111,0.0,0.0,0.0,33.33333333333333,85.71428571428571,0.0,10.0,0.0,0.0,0.0,0.0,0.0,0.0,0.0,25.0,0.0,0.0,0.0,0.0,80.0,100.0,0.0,0.0,50.0,0.0,0.0,0.0
North St.James Town,74,0.0,0.0,33.33333333333333,33.33333333333333,25.0,0.0,0.0,0.0,0.0,0.0,0.0,0.0,40.0,0.0,0.0,0.0,0.0,0.0,0.0,0.0,0.0,0.0,0.0,0.0,100.0,0.0,0.0,0.0,0.0,0.0,0.0,0.0,0.0,0.0,0.0,0.0,0.0,100.0,50.0,0.0,80.0,16.666666666666664,0.0,0.0,0.0,0.0,0.0,0.0,0.0,63.63636363636363,100.0,0.0,0.0,0.0,0.0,50.0,0.0,10.0,0.0,0.0,0.0,0.0,0.0,11.11111111111111,0.0,100.0,0.0,33.33333333333333,57.14285714285714,0.0,10.0,0.0,0.0,0.0,0.0,0.0,0.0,0.0,25.0,40.0,0.0,0.0,50.0,60.0,100.0,0.0,0.0,0.0,14.285714285714285,0.0,0.0
Church-Yonge Corridor,75,0.0,0.0,66.66666666666666,33.33333333333333,0.0,0.0,0.0,0.0,0.0,0.0,0.0,0.0,33.33333333333333,0.0,0.0,0.0,0.0,0.0,0.0,100.0,0.0,0.0,0.0,0.0,100.0,0.0,0.0,0.0,0.0,0.0,0.0,0.0,0.0,0.0,0.0,0.0,0.0,100.0,50.0,0.0,100.0,0.0,0.0,0.0,0.0,0.0,0.0,0.0,0.0,27.27272727272727,80.0,0.0,0.0,0.0,0.0,50.0,33.33333333333333,10.0,100.0,0.0,0.0,0.0,0.0,11.11111111111111,100.0,100.0,0.0,33.33333333333333,71.42857142857143,0.0,10.0,0.0,0.0,0.0,0.0,0.0,0.0,0.0,25.0,40.0,0.0,0.0,0.0,100.0,100.0,0.0,0.0,50.0,0.0,0.0,0.0
Bay Street Corridor,76,0.0,0.0,66.66666666666666,33.33333333333333,0.0,0.0,0.0,0.0,0.0,0.0,0.0,0.0,46.666666666666664,0.0,0.0,0.0,0.0,0.0,0.0,0.0,0.0,0.0,0.0,0.0,33.33333333333333,100.0,0.0,0.0,0.0,0.0,0.0,0.0,0.0,0.0,0.0,0.0,0.0,100.0,50.0,0.0,80.0,0.0,0.0,0.0,0.0,0.0,0.0,0.0,0.0,27.27272727272727,80.0,0.0,0.0,0.0,0.0,50.0,33.33333333333333,10.0,100.0,0.0,0.0,0.0,0.0,33.33333333333333,100.0,100.0,0.0,66.66666666666666,71.42857142857143,0.0,20.0,0.0,0.0,0.0,0.0,100.0,0.0,0.0,25.0,20.0,0.0,0.0,0.0,60.0,100.0,0.0,0.0,0.0,0.0,0.0,0.0
Waterfront Communities-The Island,77,0.0,0.0,66.66666666666666,33.33333333333333,0.0,0.0,12.5,100.0,0.0,0.0,0.0,0.0,40.0,0.0,0.0,33.33333333333333,0.0,10.0,0.0,100.0,0.0,0.0,25.0,0.0,33.33333333333333,0.0,0.0,0.0,0.0,0.0,0.0,0.0,0.0,0.0,0.0,0.0,0.0,100.0,100.0,25.0,20.0,0.0,0.0,0.0,0.0,0.0,0.0,0.0,0.0,36.36363636363637,60.0,0.0,0.0,0.0,0.0,50.0,33.33333333333333,10.0,0.0,0.0,0.0,0.0,100.0,33.33333333333333,0.0,0.0,0.0,33.33333333333333,71.42857142857143,0.0,20.0,66.66666666666666,0.0,0.0,0.0,100.0,0.0,0.0,0.0,0.0,0.0,0.0,0.0,40.0,0.0,0.0,0.0,50.0,0.0,0.0,0.0
Kensington-Chinatown,78,0.0,0.0,66.66666666666666,66.66666666666666,0.0,0.0,37.5,0.0,0.0,0.0,33.33333333333333,0.0,53.333333333333336,0.0,0.0,33.33333333333333,0.0,0.0,0.0,0.0,0.0,0.0,0.0,0.0,33.33333333333333,100.0,0.0,100.0,0.0,0.0,0.0,0.0,0.0,0.0,0.0,0.0,0.0,0.0,50.0,0.0,20.0,0.0,0.0,0.0,0.0,0.0,0.0,0.0,0.0,27.27272727272727,0.0,0.0,0.0,0.0,0.0,50.0,100.0,10.0,0.0,0.0,0.0,0.0,100.0,33.33333333333333,0.0,0.0,0.0,0.0,57.14285714285714,0.0,40.0,33.33333333333333,0.0,0.0,0.0,100.0,0.0,0.0,0.0,0.0,0.0,100.0,50.0,20.0,0.0,0.0,0.0,50.0,0.0,0.0,0.0
University,79,0.0,0.0,0.0,66.66666666666666,25.0,0.0,37.5,0.0,0.0,0.0,33.33333333333333,0.0,53.333333333333336,0.0,0.0,16.666666666666664,0.0,0.0,0.0,0.0,0.0,0.0,0.0,0.0,33.33333333333333,100.0,0.0,0.0,0.0,0.0,0.0,0.0,0.0,0.0,0.0,0.0,0.0,0.0,50.0,0.0,20.0,0.0,0.0,0.0,0.0,0.0,0.0,0.0,0.0,18.181818181818183,20.0,0.0,10.0,0.0,0.0,50.0,100.0,0.0,0.0,0.0,0.0,0.0,0.0,22.22222222222222,0.0,100.0,0.0,33.33333333333333,57.14285714285714,0.0,40.0,0.0,0.0,0.0,50.0,100.0,0.0,0.0,0.0,20.0,0.0,0.0,100.0,40.0,100.0,0.0,0.0,50.0,0.0,0.0,0.0
Palmerston-Little Italy,80,0.0,0.0,33.33333333333333,100.0,0.0,0.0,50.0,0.0,0.0,0.0,50.0,0.0,53.333333333333336,0.0,0.0,33.33333333333333,0.0,0.0,0.0,0.0,0.0,0.0,0.0,0.0,33.33333333333333,100.0,0.0,0.0,0.0,0.0,0.0,0.0,0.0,0.0,0.0,0.0,0.0,0.0,50.0,0.0,0.0,16.666666666666664,0.0,0.0,0.0,0.0,0.0,0.0,0.0,18.181818181818183,20.0,0.0,20.0,0.0,0.0,0.0,100.0,20.0,100.0,0.0,0.0,0.0,0.0,33.33333333333333,0.0,0.0,0.0,0.0,42.857142857142854,0.0,30.0,0.0,0.0,0.0,50.0,0.0,0.0,0.0,0.0,0.0,0.0,0.0,100.0,0.0,0.0,0.0,0.0,50.0,14.285714285714285,0.0,0.0
Trinity-Bellwoods,81,0.0,0.0,66.66666666666666,100.0,0.0,0.0,37.5,0.0,0.0,0.0,16.666666666666664,0.0,46.666666666666664,0.0,0.0,50.0,0.0,0.0,0.0,0.0,0.0,0.0,0.0,0.0,33.33333333333333,100.0,0.0,0.0,0.0,0.0,0.0,0.0,0.0,0.0,0.0,0.0,0.0,0.0,50.0,0.0,0.0,16.666666666666664,0.0,0.0,0.0,0.0,0.0,0.0,0.0,27.27272727272727,20.0,0.0,10.0,0.0,0.0,0.0,100.0,20.0,100.0,0.0,0.0,0.0,0.0,33.33333333333333,0.0,0.0,0.0,0.0,42.857142857142854,0.0,30.0,33.33333333333333,0.0,0.0,50.0,0.0,0.0,0.0,0.0,0.0,0.0,100.0,100.0,0.0,0.0,0.0,0.0,50.0,14.285714285714285,0.0,0.0
Niagara,82,0.0,0.0,66.66666666666666,66.66666666666666,0.0,0.0,37.5,0.0,0.0,0.0,0.0,0.0,46.666666666666664,0.0,0.0,33.33333333333333,0.0,0.0,0.0,0.0,0.0,0.0,0.0,0.0,33.33333333333333,100.0,0.0,0.0,0.0,0.0,0.0,0.0,0.0,0.0,0.0,0.0,0.0,0.0,50.0,0.0,0.0,16.666666666666664,0.0,0.0,0.0,0.0,0.0,0.0,0.0,36.36363636363637,20.0,0.0,10.0,0.0,0.0,50.0,66.66666666666666,10.0,100.0,0.0,0.0,0.0,100.0,33.33333333333333,0.0,0.0,0.0,33.33333333333333,57.14285714285714,0.0,30.0,33.33333333333333,0.0,0.0,0.0,0.0,0.0,0.0,0.0,0.0,0.0,100.0,100.0,20.0,0.0,100.0,0.0,0.0,14.285714285714285,0.0,0.0
Dufferin Grove,83,0.0,0.0,33.33333333333333,100.0,0.0,0.0,25.0,0.0,50.0,0.0,16.666666666666664,0.0,66.66666666666666,0.0,0.0,0.0,0.0,0.0,0.0,0.0,0.0,0.0,0.0,0.0,33.33333333333333,0.0,0.0,0.0,0.0,0.0,0.0,0.0,0.0,0.0,0.0,0.0,0.0,0.0,0.0,0.0,40.0,16.666666666666664,0.0,0.0,0.0,0.0,12.5,0.0,0.0,36.36363636363637,20.0,0.0,20.0,0.0,0.0,0.0,33.33333333333333,20.0,100.0,0.0,0.0,0.0,0.0,33.33333333333333,0.0,0.0,0.0,0.0,71.42857142857143,0.0,10.0,33.33333333333333,0.0,0.0,50.0,0.0,0.0,0.0,0.0,0.0,0.0,0.0,100.0,0.0,0.0,100.0,0.0,0.0,28.57142857142857,0.0,0.0
Little Portugal,84,0.0,0.0,66.66666666666666,66.66666666666666,0.0,0.0,37.5,0.0,0.0,0.0,16.666666666666664,0.0,53.333333333333336,0.0,0.0,16.666666666666664,0.0,0.0,0.0,0.0,0.0,0.0,0.0,0.0,66.66666666666666,100.0,0.0,0.0,0.0,0.0,0.0,0.0,0.0,0.0,0.0,0.0,0.0,0.0,50.0,0.0,0.0,16.666666666666664,0.0,0.0,0.0,0.0,0.0,0.0,0.0,45.45454545454545,20.0,0.0,10.0,0.0,0.0,0.0,66.66666666666666,20.0,100.0,0.0,0.0,0.0,0.0,33.33333333333333,0.0,0.0,0.0,0.0,42.857142857142854,0.0,30.0,0.0,0.0,0.0,50.0,0.0,0.0,0.0,0.0,0.0,0.0,0.0,100.0,0.0,0.0,100.0,0.0,0.0,42.857142857142854,0.0,0.0
South Parkdale,85,0.0,0.0,66.66666666666666,66.66666666666666,0.0,0.0,37.5,0.0,0.0,0.0,16.666666666666664,0.0,33.33333333333333,0.0,0.0,16.666666666666664,0.0,0.0,0.0,0.0,0.0,0.0,25.0,0.0,66.66666666666666,0.0,0.0,0.0,0.0,0.0,0.0,0.0,0.0,0.0,0.0,0.0,0.0,0.0,50.0,0.0,0.0,16.666666666666664,0.0,0.0,0.0,0.0,0.0,0.0,0.0,45.45454545454545,20.0,0.0,10.0,0.0,0.0,0.0,66.66666666666666,20.0,100.0,0.0,0.0,0.0,0.0,33.33333333333333,0.0,0.0,0.0,0.0,42.857142857142854,0.0,30.0,33.33333333333333,0.0,0.0,50.0,0.0,0.0,0.0,0.0,20.0,0.0,100.0,100.0,0.0,0.0,100.0,0.0,0.0,42.857142857142854,0.0,0.0
Roncesvalles,86,0.0,0.0,66.66666666666666,66.66666666666666,0.0,0.0,37.5,0.0,0.0,0.0,16.666666666666664,0.0,60.0,0.0,0.0,0.0,0.0,0.0,0.0,0.0,0.0,0.0,25.0,0.0,33.33333333333333,0.0,0.0,0.0,0.0,0.0,0.0,0.0,0.0,0.0,0.0,0.0,0.0,0.0,0.0,0.0,40.0,16.666666666666664,0.0,0.0,0.0,0.0,0.0,0.0,0.0,45.45454545454545,20.0,0.0,20.0,0.0,0.0,0.0,33.33333333333333,20.0,100.0,0.0,0.0,0.0,0.0,33.33333333333333,0.0,0.0,0.0,0.0,42.857142857142854,0.0,20.0,33.33333333333333,0.0,0.0,50.0,0.0,0.0,0.0,0.0,0.0,0.0,0.0,100.0,0.0,0.0,100.0,0.0,0.0,42.857142857142854,0.0,0.0
High Park-Swansea,87,0.0,0.0,0.0,33.33333333333333,0.0,0.0,50.0,0.0,0.0,0.0,0.0,25.0,46.666666666666664,0.0,0.0,0.0,0.0,0.0,0.0,0.0,0.0,0.0,50.0,0.0,66.66666666666666,0.0,0.0,0.0,0.0,0.0,0.0,50.0,0.0,0.0,50.0,0.0,0.0,0.0,0.0,0.0,60.0,16.666666666666664,0.0,0.0,0.0,0.0,25.0,0.0,0.0,54.54545454545454,20.0,0.0,0.0,100.0,0.0,0.0,0.0,10.0,0.0,0.0,0.0,0.0,0.0,44.44444444444444,0.0,0.0,0.0,0.0,42.857142857142854,0.0,0.0,66.66666666666666,0.0,0.0,0.0,0.0,0.0,0.0,0.0,20.0,0.0,100.0,100.0,20.0,0.0,100.0,0.0,0.0,14.285714285714285,0.0,0.0
High Park North,88,0.0,0.0,33.33333333333333,0.0,25.0,0.0,62.5,0.0,0.0,0.0,0.0,0.0,80.0,0.0,0.0,0.0,0.0,0.0,0.0,0.0,100.0,0.0,50.0,0.0,33.33333333333333,0.0,100.0,0.0,100.0,0.0,0.0,0.0,0.0,0.0,50.0,0.0,0.0,0.0,0.0,0.0,60.0,0.0,0.0,0.0,0.0,0.0,12.5,0.0,0.0,54.54545454545454,0.0,0.0,0.0,0.0,0.0,0.0,0.0,20.0,0.0,0.0,0.0,0.0,0.0,33.33333333333333,0.0,0.0,0.0,0.0,42.857142857142854,0.0,10.0,33.33333333333333,100.0,100.0,0.0,0.0,0.0,0.0,0.0,0.0,0.0,100.0,0.0,0.0,0.0,0.0,0.0,0.0,0.0,0.0,0.0
Runnymede-Bloor West Village,89,0.0,0.0,33.33333333333333,0.0,25.0,0.0,75.0,0.0,50.0,20.0,0.0,0.0,53.333333333333336,0.0,0.0,0.0,0.0,0.0,0.0,0.0,100.0,0.0,50.0,0.0,33.33333333333333,0.0,0.0,0.0,50.0,0.0,0.0,0.0,0.0,0.0,50.0,0.0,0.0,0.0,0.0,0.0,80.0,0.0,0.0,0.0,0.0,0.0,12.5,0.0,0.0,54.54545454545454,0.0,0.0,0.0,0.0,0.0,0.0,0.0,10.0,0.0,0.0,0.0,0.0,0.0,33.33333333333333,0.0,0.0,0.0,0.0,42.857142857142854,0.0,10.0,66.66666666666666,100.0,100.0,0.0,0.0,0.0,0.0,0.0,40.0,0.0,0.0,50.0,0.0,0.0,0.0,0.0,0.0,0.0,0.0,0.0
Junction Area,90,0.0,0.0,33.33333333333333,0.0,50.0,0.0,75.0,0.0,100.0,0.0,0.0,0.0,73.33333333333333,100.0,0.0,0.0,0.0,0.0,0.0,0.0,100.0,0.0,50.0,0.0,33.33333333333333,0.0,0.0,0.0,50.0,0.0,0.0,0.0,0.0,0.0,0.0,0.0,0.0,0.0,0.0,0.0,40.0,0.0,0.0,0.0,0.0,0.0,12.5,0.0,0.0,63.63636363636363,0.0,0.0,0.0,0.0,0.0,0.0,33.33333333333333,10.0,0.0,0.0,0.0,0.0,0.0,33.33333333333333,0.0,0.0,0.0,0.0,28.57142857142857,0.0,10.0,33.33333333333333,100.0,100.0,0.0,0.0,0.0,0.0,0.0,0.0,0.0,100.0,0.0,0.0,0.0,0.0,0.0,0.0,0.0,0.0,0.0
Weston-Pellam Park,91,0.0,0.0,0.0,0.0,75.0,0.0,62.5,0.0,100.0,0.0,0.0,0.0,86.66666666666667,0.0,0.0,0.0,0.0,0.0,0.0,0.0,100.0,0.0,25.0,0.0,0.0,0.0,0.0,0.0,50.0,0.0,0.0,0.0,0.0,0.0,0.0,0.0,0.0,0.0,0.0,0.0,40.0,0.0,0.0,0.0,0.0,0.0,25.0,0.0,0.0,63.63636363636363,20.0,0.0,0.0,0.0,0.0,0.0,33.33333333333333,10.0,0.0,0.0,0.0,0.0,0.0,11.11111111111111,0.0,0.0,0.0,0.0,28.57142857142857,0.0,10.0,33.33333333333333,100.0,100.0,100.0,0.0,0.0,0.0,0.0,0.0,0.0,0.0,0.0,20.0,0.0,0.0,0.0,0.0,0.0,0.0,0.0
Corso Italia-Davenport,92,0.0,0.0,0.0,0.0,50.0,0.0,50.0,0.0,100.0,0.0,0.0,0.0,86.66666666666667,0.0,0.0,16.666666666666664,0.0,0.0,0.0,0.0,100.0,0.0,25.0,0.0,0.0,0.0,0.0,0.0,0.0,0.0,0.0,0.0,0.0,0.0,0.0,0.0,0.0,0.0,0.0,0.0,40.0,0.0,0.0,0.0,0.0,0.0,25.0,0.0,0.0,63.63636363636363,20.0,0.0,0.0,0.0,0.0,0.0,33.33333333333333,20.0,0.0,0.0,0.0,0.0,0.0,11.11111111111111,0.0,0.0,0.0,0.0,28.57142857142857,0.0,10.0,33.33333333333333,100.0,100.0,100.0,0.0,0.0,0.0,0.0,0.0,0.0,0.0,50.0,20.0,0.0,0.0,0.0,0.0,0.0,0.0,0.0
Dovercourt-Wallace Emerson-Junction,93,0.0,0.0,0.0,100.0,25.0,0.0,25.0,0.0,50.0,0.0,0.0,0.0,86.66666666666667,0.0,0.0,0.0,0.0,0.0,0.0,0.0,100.0,0.0,0.0,0.0,0.0,0.0,0.0,0.0,0.0,0.0,0.0,0.0,0.0,0.0,0.0,0.0,0.0,0.0,0.0,0.0,40.0,0.0,0.0,0.0,0.0,0.0,12.5,0.0,0.0,54.54545454545454,20.0,0.0,10.0,0.0,0.0,0.0,33.33333333333333,20.0,0.0,0.0,0.0,0.0,0.0,22.22222222222222,0.0,0.0,0.0,0.0,57.14285714285714,0.0,10.0,33.33333333333333,100.0,100.0,100.0,0.0,0.0,0.0,0.0,0.0,0.0,0.0,100.0,0.0,0.0,0.0,0.0,0.0,14.285714285714285,0.0,0.0
Wychwood,94,0.0,0.0,0.0,66.66666666666666,25.0,33.33333333333333,25.0,0.0,50.0,0.0,16.666666666666664,0.0,80.0,0.0,0.0,16.666666666666664,0.0,0.0,0.0,0.0,0.0,0.0,0.0,0.0,0.0,100.0,0.0,0.0,0.0,0.0,0.0,0.0,0.0,0.0,0.0,0.0,0.0,0.0,50.0,0.0,60.0,16.666666666666664,0.0,0.0,0.0,0.0,12.5,0.0,0.0,36.36363636363637,20.0,0.0,10.0,0.0,0.0,0.0,66.66666666666666,20.0,0.0,0.0,0.0,0.0,0.0,11.11111111111111,0.0,100.0,0.0,0.0,28.57142857142857,0.0,10.0,33.33333333333333,0.0,0.0,50.0,0.0,0.0,0.0,0.0,20.0,0.0,0.0,100.0,20.0,0.0,0.0,0.0,0.0,14.285714285714285,0.0,0.0
Annex,95,0.0,0.0,0.0,66.66666666666666,50.0,0.0,12.5,0.0,0.0,0.0,33.33333333333333,0.0,80.0,0.0,0.0,16.666666666666664,0.0,0.0,0.0,0.0,0.0,0.0,0.0,0.0,0.0,100.0,0.0,0.0,0.0,0.0,0.0,0.0,0.0,0.0,0.0,0.0,0.0,0.0,100.0,0.0,60.0,0.0,0.0,0.0,0.0,0.0,12.5,0.0,0.0,18.181818181818183,20.0,0.0,10.0,0.0,0.0,0.0,66.66666666666666,0.0,0.0,0.0,0.0,0.0,0.0,11.11111111111111,0.0,100.0,0.0,33.33333333333333,28.57142857142857,0.0,30.0,0.0,0.0,0.0,50.0,0.0,0.0,0.0,25.0,40.0,0.0,0.0,100.0,20.0,100.0,0.0,0.0,50.0,0.0,0.0,0.0
Casa Loma,96,0.0,0.0,0.0,33.33333333333333,50.0,33.33333333333333,12.5,0.0,0.0,0.0,0.0,0.0,100.0,0.0,0.0,0.0,0.0,0.0,0.0,0.0,0.0,0.0,0.0,0.0,0.0,100.0,0.0,0.0,0.0,0.0,0.0,0.0,0.0,0.0,0.0,0.0,0.0,0.0,50.0,0.0,40.0,0.0,0.0,0.0,0.0,0.0,12.5,0.0,0.0,63.63636363636363,20.0,0.0,10.0,0.0,0.0,0.0,66.66666666666666,20.0,0.0,0.0,0.0,0.0,0.0,0.0,0.0,0.0,0.0,33.33333333333333,28.57142857142857,0.0,10.0,0.0,0.0,0.0,100.0,0.0,0.0,0.0,0.0,40.0,0.0,0.0,100.0,20.0,100.0,0.0,0.0,0.0,0.0,0.0,0.0
Yonge-St.Clair,97,0.0,0.0,0.0,0.0,50.0,33.33333333333333,12.5,0.0,0.0,0.0,0.0,0.0,73.33333333333333,0.0,0.0,0.0,0.0,0.0,0.0,0.0,0.0,0.0,25.0,0.0,33.33333333333333,0.0,0.0,0.0,0.0,0.0,0.0,0.0,0.0,0.0,50.0,0.0,0.0,0.0,50.0,0.0,80.0,0.0,0.0,0.0,0.0,0.0,25.0,100.0,0.0,81.81818181818183,20.0,0.0,0.0,0.0,0.0,0.0,0.0,20.0,0.0,0.0,0.0,0.0,0.0,0.0,0.0,0.0,0.0,66.66666666666666,28.57142857142857,0.0,10.0,0.0,0.0,0.0,50.0,0.0,0.0,0.0,25.0,40.0,0.0,0.0,50.0,20.0,100.0,0.0,0.0,0.0,0.0,0.0,0.0
Rosedale-Moore Park,98,0.0,0.0,33.33333333333333,33.33333333333333,25.0,33.33333333333333,25.0,0.0,0.0,0.0,0.0,0.0,53.333333333333336,0.0,0.0,0.0,0.0,0.0,0.0,0.0,0.0,0.0,0.0,0.0,33.33333333333333,0.0,0.0,0.0,0.0,0.0,0.0,0.0,0.0,0.0,50.0,0.0,0.0,0.0,100.0,0.0,100.0,33.33333333333333,0.0,0.0,0.0,0.0,12.5,0.0,0.0,63.63636363636363,80.0,0.0,0.0,0.0,0.0,0.0,0.0,0.0,0.0,0.0,0.0,0.0,0.0,11.11111111111111,0.0,100.0,0.0,33.33333333333333,28.57142857142857,0.0,10.0,0.0,0.0,0.0,0.0,0.0,0.0,0.0,25.0,40.0,0.0,0.0,50.0,40.0,100.0,0.0,0.0,0.0,0.0,0.0,0.0
Mount Pleasant East,99,0.0,0.0,0.0,33.33333333333333,50.0,66.66666666666666,50.0,0.0,0.0,0.0,16.666666666666664,0.0,40.0,0.0,0.0,0.0,0.0,0.0,0.0,0.0,0.0,0.0,50.0,0.0,0.0,0.0,0.0,0.0,0.0,0.0,0.0,0.0,0.0,0.0,50.0,0.0,0.0,0.0,50.0,0.0,40.0,0.0,0.0,0.0,0.0,0.0,25.0,100.0,0.0,90.9090909090909,20.0,0.0,0.0,0.0,0.0,0.0,0.0,10.0,0.0,0.0,0.0,0.0,0.0,11.11111111111111,0.0,0.0,0.0,33.33333333333333,28.57142857142857,100.0,0.0,33.33333333333333,0.0,0.0,0.0,0.0,0.0,0.0,0.0,40.0,0.0,100.0,0.0,20.0,0.0,0.0,0.0,100.0,14.285714285714285,0.0,0.0
Yonge-Eglinton,100,0.0,0.0,0.0,0.0,50.0,66.66666666666666,25.0,0.0,0.0,20.0,16.666666666666664,0.0,33.33333333333333,0.0,0.0,0.0,0.0,0.0,0.0,0.0,0.0,0.0,50.0,0.0,0.0,0.0,0.0,0.0,0.0,0.0,0.0,0.0,0.0,0.0,50.0,0.0,0.0,0.0,50.0,0.0,40.0,0.0,0.0,0.0,0.0,0.0,37.5,100.0,0.0,81.81818181818183,20.0,0.0,0.0,0.0,0.0,0.0,0.0,20.0,0.0,0.0,0.0,0.0,0.0,22.22222222222222,0.0,0.0,0.0,33.33333333333333,28.57142857142857,100.0,10.0,33.33333333333333,0.0,0.0,0.0,0.0,0.0,0.0,0.0,60.0,0.0,100.0,0.0,0.0,0.0,0.0,0.0,100.0,14.285714285714285,0.0,0.0
Forest Hill South,101,0.0,0.0,0.0,0.0,50.0,33.33333333333333,25.0,0.0,50.0,20.0,0.0,0.0,66.66666666666666,0.0,0.0,16.666666666666664,0.0,0.0,0.0,0.0,0.0,0.0,50.0,0.0,0.0,0.0,0.0,0.0,0.0,0.0,0.0,0.0,0.0,0.0,0.0,0.0,0.0,0.0,50.0,0.0,20.0,0.0,0.0,0.0,0.0,0.0,25.0,100.0,0.0,100.0,40.0,0.0,0.0,0.0,0.0,0.0,33.33333333333333,30.0,0.0,0.0,0.0,0.0,0.0,0.0,0.0,0.0,0.0,33.33333333333333,28.57142857142857,0.0,0.0,0.0,0.0,0.0,100.0,0.0,0.0,0.0,0.0,20.0,0.0,0.0,0.0,40.0,0.0,0.0,0.0,0.0,0.0,0.0,0.0
Forest Hill North,102,0.0,0.0,0.0,0.0,50.0,66.66666666666666,37.5,0.0,50.0,20.0,0.0,0.0,53.333333333333336,0.0,0.0,16.666666666666664,0.0,0.0,0.0,0.0,0.0,0.0,50.0,0.0,0.0,0.0,0.0,0.0,0.0,0.0,0.0,0.0,0.0,0.0,0.0,0.0,0.0,0.0,50.0,0.0,20.0,0.0,0.0,0.0,0.0,0.0,25.0,100.0,0.0,100.0,40.0,0.0,0.0,0.0,0.0,0.0,33.33333333333333,30.0,0.0,0.0,0.0,0.0,0.0,0.0,0.0,0.0,0.0,33.33333333333333,28.57142857142857,0.0,10.0,0.0,0.0,0.0,50.0,0.0,0.0,0.0,0.0,40.0,0.0,0.0,0.0,20.0,0.0,0.0,0.0,0.0,0.0,0.0,0.0
Lawrence Park South,103,0.0,0.0,0.0,33.33333333333333,100.0,100.0,62.5,0.0,0.0,20.0,16.666666666666664,0.0,53.333333333333336,0.0,0.0,16.666666666666664,0.0,10.0,0.0,0.0,0.0,0.0,75.0,0.0,0.0,0.0,0.0,0.0,0.0,0.0,0.0,0.0,0.0,0.0,50.0,0.0,0.0,0.0,100.0,0.0,20.0,0.0,0.0,0.0,0.0,0.0,37.5,100.0,0.0,63.63636363636363,20.0,0.0,0.0,0.0,0.0,0.0,0.0,10.0,0.0,0.0,0.0,0.0,0.0,0.0,0.0,0.0,0.0,33.33333333333333,14.285714285714285,0.0,10.0,0.0,0.0,0.0,0.0,0.0,0.0,0.0,0.0,40.0,0.0,0.0,0.0,0.0,0.0,0.0,0.0,0.0,0.0,0.0,0.0
Mount Pleasant West,104,0.0,0.0,0.0,33.33333333333333,75.0,66.66666666666666,75.0,0.0,0.0,20.0,16.666666666666664,0.0,46.666666666666664,0.0,0.0,0.0,0.0,0.0,0.0,0.0,0.0,0.0,50.0,0.0,0.0,0.0,0.0,0.0,0.0,0.0,0.0,0.0,0.0,0.0,50.0,0.0,0.0,0.0,50.0,0.0,20.0,0.0,0.0,0.0,0.0,0.0,37.5,100.0,0.0,81.81818181818183,20.0,0.0,0.0,0.0,0.0,0.0,0.0,20.0,0.0,0.0,0.0,0.0,0.0,0.0,0.0,0.0,0.0,33.33333333333333,0.0,0.0,10.0,0.0,0.0,0.0,0.0,0.0,0.0,0.0,0.0,40.0,0.0,0.0,50.0,40.0,100.0,0.0,0.0,0.0,0.0,0.0,0.0
Lawrence Park North,105,0.0,0.0,0.0,33.33333333333333,50.0,33.33333333333333,75.0,0.0,0.0,20.0,16.666666666666664,0.0,46.666666666666664,0.0,100.0,16.666666666666664,0.0,10.0,0.0,0.0,0.0,0.0,75.0,0.0,0.0,0.0,0.0,0.0,0.0,0.0,0.0,0.0,0.0,0.0,50.0,0.0,0.0,0.0,50.0,0.0,20.0,0.0,0.0,0.0,0.0,0.0,25.0,100.0,0.0,63.63636363636363,40.0,0.0,0.0,0.0,0.0,0.0,0.0,10.0,0.0,0.0,0.0,0.0,0.0,0.0,0.0,0.0,0.0,66.66666666666666,28.57142857142857,0.0,10.0,0.0,0.0,0.0,0.0,0.0,0.0,0.0,25.0,40.0,0.0,0.0,0.0,20.0,0.0,0.0,0.0,0.0,0.0,0.0,0.0
Humewood-Cedarvale,106,0.0,0.0,0.0,0.0,75.0,100.0,37.5,0.0,50.0,20.0,0.0,0.0,73.33333333333333,0.0,0.0,16.666666666666664,0.0,0.0,0.0,0.0,0.0,0.0,0.0,0.0,0.0,0.0,0.0,0.0,0.0,0.0,0.0,0.0,0.0,0.0,0.0,0.0,0.0,0.0,50.0,0.0,20.0,0.0,0.0,0.0,0.0,0.0,12.5,0.0,0.0,100.0,20.0,0.0,0.0,0.0,0.0,0.0,33.33333333333333,30.0,0.0,0.0,0.0,0.0,0.0,0.0,0.0,100.0,0.0,0.0,28.57142857142857,0.0,0.0,0.0,100.0,0.0,100.0,0.0,0.0,0.0,0.0,20.0,0.0,0.0,0.0,20.0,0.0,0.0,0.0,0.0,0.0,0.0,0.0
Oakwood Village,107,0.0,0.0,0.0,0.0,50.0,66.66666666666666,37.5,0.0,100.0,0.0,0.0,0.0,93.33333333333333,0.0,0.0,16.666666666666664,0.0,0.0,0.0,0.0,0.0,0.0,0.0,0.0,0.0,0.0,0.0,0.0,0.0,0.0,0.0,0.0,0.0,0.0,0.0,0.0,0.0,0.0,50.0,0.0,60.0,0.0,0.0,0.0,0.0,0.0,12.5,0.0,0.0,54.54545454545454,20.0,0.0,10.0,0.0,0.0,0.0,33.33333333333333,30.0,0.0,0.0,0.0,0.0,0.0,0.0,0.0,100.0,0.0,0.0,14.285714285714285,0.0,10.0,33.33333333333333,100.0,100.0,100.0,0.0,0.0,0.0,0.0,0.0,0.0,0.0,0.0,20.0,0.0,0.0,0.0,0.0,0.0,0.0,0.0
Briar Hill-Belgravia,108,0.0,0.0,0.0,0.0,75.0,33.33333333333333,37.5,0.0,100.0,20.0,0.0,0.0,46.666666666666664,0.0,0.0,33.33333333333333,0.0,10.0,0.0,0.0,0.0,0.0,0.0,0.0,0.0,0.0,0.0,0.0,0.0,0.0,0.0,50.0,12.5,0.0,0.0,0.0,50.0,0.0,0.0,25.0,60.0,33.33333333333333,0.0,0.0,0.0,0.0,12.5,0.0,0.0,54.54545454545454,20.0,0.0,0.0,0.0,0.0,0.0,33.33333333333333,20.0,0.0,0.0,0.0,0.0,0.0,0.0,0.0,100.0,0.0,0.0,28.57142857142857,0.0,10.0,33.33333333333333,100.0,100.0,50.0,0.0,0.0,0.0,0.0,20.0,0.0,0.0,0.0,20.0,0.0,0.0,0.0,0.0,0.0,0.0,0.0
Caledonia-Fairbank,109,0.0,0.0,0.0,0.0,75.0,0.0,50.0,0.0,100.0,0.0,0.0,0.0,80.0,0.0,0.0,16.666666666666664,0.0,0.0,0.0,0.0,0.0,0.0,25.0,0.0,0.0,0.0,0.0,0.0,0.0,0.0,0.0,50.0,0.0,0.0,0.0,0.0,0.0,0.0,0.0,0.0,60.0,0.0,0.0,0.0,0.0,0.0,25.0,0.0,0.0,72.72727272727273,20.0,0.0,0.0,0.0,0.0,0.0,33.33333333333333,20.0,0.0,0.0,0.0,0.0,0.0,0.0,0.0,100.0,0.0,0.0,14.285714285714285,0.0,10.0,33.33333333333333,100.0,100.0,100.0,0.0,0.0,0.0,0.0,0.0,0.0,0.0,0.0,20.0,0.0,0.0,0.0,0.0,0.0,0.0,0.0
Keelesdale-Eglinton West,110,0.0,0.0,0.0,0.0,50.0,0.0,62.5,0.0,100.0,0.0,0.0,0.0,80.0,0.0,0.0,16.666666666666664,0.0,0.0,0.0,0.0,0.0,0.0,25.0,0.0,0.0,0.0,0.0,0.0,0.0,0.0,0.0,50.0,0.0,0.0,0.0,0.0,0.0,0.0,0.0,0.0,40.0,0.0,0.0,0.0,0.0,0.0,25.0,0.0,0.0,81.81818181818183,20.0,0.0,0.0,0.0,0.0,0.0,33.33333333333333,10.0,0.0,0.0,0.0,0.0,0.0,11.11111111111111,0.0,0.0,0.0,0.0,28.57142857142857,0.0,10.0,33.33333333333333,100.0,100.0,50.0,0.0,0.0,0.0,0.0,0.0,0.0,100.0,0.0,20.0,0.0,0.0,0.0,0.0,0.0,0.0,0.0
Rockcliffe-Smythe,111,0.0,0.0,0.0,0.0,25.0,0.0,62.5,0.0,100.0,20.0,33.33333333333333,0.0,60.0,0.0,0.0,0.0,0.0,0.0,0.0,0.0,100.0,0.0,50.0,0.0,33.33333333333333,0.0,0.0,0.0,0.0,0.0,0.0,0.0,0.0,0.0,50.0,0.0,0.0,0.0,0.0,0.0,60.0,0.0,0.0,0.0,0.0,0.0,12.5,0.0,0.0,63.63636363636363,20.0,0.0,0.0,0.0,0.0,0.0,33.33333333333333,0.0,0.0,0.0,0.0,0.0,0.0,44.44444444444444,0.0,0.0,0.0,0.0,28.57142857142857,0.0,0.0,66.66666666666666,100.0,100.0,0.0,0.0,0.0,0.0,0.0,0.0,0.0,100.0,50.0,0.0,0.0,0.0,0.0,0.0,0.0,0.0,0.0
Beechborough-Greenbrook,112,0.0,0.0,0.0,0.0,50.0,0.0,62.5,0.0,100.0,0.0,0.0,0.0,46.666666666666664,0.0,0.0,16.666666666666664,0.0,10.0,0.0,0.0,0.0,0.0,25.0,0.0,33.33333333333333,0.0,0.0,0.0,0.0,0.0,0.0,50.0,0.0,0.0,0.0,0.0,0.0,0.0,0.0,25.0,40.0,16.666666666666664,0.0,0.0,0.0,0.0,25.0,0.0,0.0,63.63636363636363,20.0,0.0,0.0,0.0,0.0,0.0,33.33333333333333,10.0,0.0,0.0,0.0,0.0,0.0,11.11111111111111,0.0,0.0,0.0,0.0,57.14285714285714,0.0,0.0,33.33333333333333,100.0,100.0,50.0,0.0,0.0,0.0,25.0,20.0,0.0,100.0,0.0,0.0,0.0,0.0,0.0,0.0,14.285714285714285,0.0,0.0
Weston,113,0.0,50.0,0.0,66.66666666666666,25.0,0.0,87.5,0.0,0.0,40.0,66.66666666666666,25.0,26.666666666666668,0.0,0.0,0.0,0.0,30.0,0.0,0.0,0.0,0.0,0.0,0.0,66.66666666666666,0.0,0.0,0.0,0.0,0.0,0.0,100.0,12.5,0.0,50.0,0.0,0.0,0.0,0.0,25.0,0.0,0.0,0.0,0.0,0.0,0.0,0.0,0.0,0.0,18.181818181818183,40.0,0.0,0.0,100.0,0.0,0.0,0.0,0.0,100.0,0.0,0.0,0.0,0.0,22.22222222222222,0.0,0.0,0.0,0.0,14.285714285714285,0.0,30.0,0.0,0.0,0.0,0.0,0.0,0.0,0.0,25.0,0.0,0.0,0.0,0.0,0.0,0.0,0.0,50.0,0.0,57.14285714285714,0.0,0.0
Lambton Baby Point,114,0.0,0.0,33.33333333333333,0.0,25.0,0.0,62.5,0.0,0.0,20.0,16.666666666666664,0.0,53.333333333333336,0.0,0.0,0.0,0.0,0.0,0.0,0.0,100.0,0.0,50.0,0.0,33.33333333333333,0.0,0.0,0.0,50.0,0.0,0.0,0.0,0.0,0.0,50.0,0.0,0.0,0.0,0.0,0.0,60.0,0.0,0.0,0.0,0.0,0.0,25.0,0.0,0.0,45.45454545454545,0.0,0.0,0.0,0.0,0.0,0.0,0.0,0.0,0.0,0.0,0.0,0.0,0.0,44.44444444444444,0.0,0.0,0.0,0.0,42.857142857142854,0.0,0.0,66.66666666666666,100.0,100.0,0.0,0.0,0.0,0.0,0.0,40.0,0.0,0.0,100.0,20.0,0.0,0.0,50.0,0.0,0.0,0.0,0.0
Mount Dennis,115,0.0,0.0,0.0,0.0,25.0,0.0,87.5,0.0,100.0,0.0,0.0,0.0,53.333333333333336,0.0,0.0,16.666666666666664,0.0,10.0,0.0,0.0,0.0,0.0,25.0,0.0,66.66666666666666,0.0,0.0,0.0,0.0,0.0,0.0,50.0,0.0,0.0,0.0,0.0,0.0,0.0,0.0,0.0,60.0,0.0,0.0,0.0,0.0,0.0,12.5,0.0,0.0,63.63636363636363,40.0,0.0,0.0,0.0,0.0,0.0,33.33333333333333,0.0,0.0,0.0,0.0,0.0,0.0,22.22222222222222,0.0,0.0,0.0,0.0,14.285714285714285,0.0,0.0,66.66666666666666,100.0,100.0,0.0,0.0,0.0,0.0,25.0,0.0,0.0,100.0,50.0,0.0,0.0,0.0,0.0,0.0,28.57142857142857,0.0,0.0
Steeles,116,0.0,0.0,66.66666666666666,0.0,50.0,0.0,87.5,0.0,0.0,20.0,16.666666666666664,0.0,0.0,0.0,0.0,100.0,0.0,70.0,0.0,0.0,0.0,0.0,0.0,0.0,0.0,0.0,0.0,0.0,0.0,0.0,0.0,100.0,0.0,0.0,0.0,100.0,50.0,0.0,0.0,0.0,0.0,16.666666666666664,0.0,100.0,0.0,0.0,0.0,0.0,0.0,9.090909090909092,80.0,0.0,10.0,0.0,0.0,0.0,33.33333333333333,0.0,0.0,66.66666666666666,0.0,0.0,0.0,0.0,0.0,0.0,0.0,0.0,14.285714285714285,0.0,10.0,33.33333333333333,100.0,0.0,0.0,0.0,0.0,0.0,0.0,40.0,0.0,0.0,0.0,0.0,0.0,0.0,0.0,100.0,14.285714285714285,0.0,0.0
L'Amoreaux,117,0.0,0.0,33.33333333333333,33.33333333333333,50.0,0.0,100.0,0.0,0.0,20.0,16.666666666666664,50.0,0.0,0.0,0.0,100.0,0.0,80.0,0.0,0.0,0.0,0.0,0.0,0.0,0.0,0.0,0.0,0.0,0.0,0.0,0.0,100.0,0.0,0.0,0.0,100.0,0.0,0.0,0.0,0.0,0.0,16.666666666666664,0.0,100.0,0.0,0.0,12.5,0.0,0.0,9.090909090909092,40.0,0.0,10.0,0.0,0.0,0.0,33.33333333333333,10.0,0.0,100.0,0.0,0.0,0.0,0.0,0.0,0.0,0.0,0.0,0.0,0.0,0.0,0.0,0.0,0.0,0.0,0.0,0.0,0.0,0.0,40.0,0.0,0.0,0.0,0.0,0.0,0.0,0.0,50.0,28.57142857142857,0.0,0.0
Tam O'Shanter-Sullivan,118,0.0,0.0,33.33333333333333,66.66666666666666,25.0,0.0,50.0,0.0,0.0,20.0,33.33333333333333,50.0,0.0,0.0,100.0,100.0,0.0,30.0,0.0,0.0,0.0,0.0,0.0,0.0,0.0,0.0,0.0,0.0,0.0,0.0,0.0,100.0,0.0,100.0,0.0,0.0,0.0,0.0,0.0,0.0,0.0,16.666666666666664,0.0,100.0,0.0,0.0,25.0,0.0,0.0,9.090909090909092,40.0,0.0,20.0,0.0,0.0,50.0,33.33333333333333,50.0,0.0,66.66666666666666,0.0,0.0,0.0,0.0,0.0,100.0,0.0,0.0,0.0,0.0,10.0,0.0,0.0,0.0,0.0,0.0,0.0,50.0,0.0,20.0,0.0,0.0,0.0,20.0,0.0,0.0,0.0,0.0,14.285714285714285,0.0,0.0
Wexford/Maryvale,119,0.0,0.0,66.66666666666666,33.33333333333333,0.0,0.0,12.5,0.0,0.0,0.0,66.66666666666666,75.0,6.666666666666667,0.0,100.0,50.0,0.0,30.0,0.0,0.0,0.0,0.0,25.0,0.0,0.0,0.0,0.0,0.0,0.0,0.0,0.0,100.0,12.5,0.0,0.0,0.0,0.0,0.0,0.0,0.0,0.0,16.666666666666664,0.0,0.0,0.0,0.0,25.0,0.0,0.0,27.27272727272727,20.0,0.0,10.0,0.0,0.0,50.0,33.33333333333333,70.0,100.0,0.0,0.0,0.0,0.0,11.11111111111111,0.0,0.0,0.0,0.0,14.285714285714285,0.0,10.0,66.66666666666666,0.0,0.0,0.0,0.0,0.0,0.0,0.0,20.0,0.0,0.0,0.0,20.0,0.0,0.0,50.0,0.0,14.285714285714285,0.0,0.0
Clairlea-Birchmount,120,0.0,0.0,33.33333333333333,66.66666666666666,25.0,33.33333333333333,37.5,0.0,0.0,40.0,50.0,50.0,13.333333333333334,0.0,0.0,0.0,0.0,10.0,0.0,0.0,0.0,0.0,25.0,0.0,0.0,0.0,0.0,0.0,0.0,0.0,0.0,0.0,0.0,100.0,50.0,0.0,0.0,0.0,0.0,0.0,60.0,0.0,0.0,0.0,100.0,0.0,25.0,0.0,0.0,0.0,40.0,0.0,10.0,0.0,0.0,50.0,33.33333333333333,60.0,0.0,0.0,0.0,0.0,0.0,11.11111111111111,0.0,0.0,0.0,0.0,14.285714285714285,0.0,20.0,33.33333333333333,0.0,0.0,0.0,0.0,0.0,0.0,0.0,20.0,0.0,0.0,0.0,40.0,0.0,0.0,50.0,100.0,14.285714285714285,0.0,0.0
Oakridge,121,0.0,0.0,66.66666666666666,66.66666666666666,50.0,33.33333333333333,25.0,0.0,0.0,60.0,33.33333333333333,25.0,20.0,0.0,0.0,33.33333333333333,0.0,0.0,0.0,0.0,0.0,0.0,0.0,0.0,0.0,0.0,0.0,0.0,0.0,100.0,100.0,0.0,0.0,100.0,50.0,0.0,0.0,0.0,50.0,0.0,80.0,0.0,0.0,0.0,100.0,0.0,37.5,0.0,0.0,0.0,20.0,0.0,0.0,0.0,0.0,100.0,33.33333333333333,30.0,0.0,0.0,0.0,0.0,0.0,11.11111111111111,0.0,0.0,0.0,0.0,14.285714285714285,0.0,20.0,0.0,0.0,0.0,0.0,0.0,0.0,0.0,0.0,20.0,0.0,0.0,0.0,40.0,0.0,0.0,50.0,100.0,0.0,0.0,0.0
Birchcliffe-Cliffside,122,0.0,0.0,0.0,33.33333333333333,50.0,33.33333333333333,37.5,0.0,0.0,100.0,33.33333333333333,50.0,20.0,0.0,0.0,33.33333333333333,0.0,10.0,0.0,0.0,0.0,0.0,0.0,0.0,33.33333333333333,0.0,0.0,0.0,0.0,0.0,0.0,0.0,0.0,100.0,100.0,0.0,0.0,0.0,50.0,0.0,80.0,0.0,0.0,0.0,100.0,0.0,25.0,0.0,0.0,0.0,40.0,0.0,0.0,0.0,0.0,100.0,66.66666666666666,20.0,0.0,0.0,0.0,0.0,0.0,11.11111111111111,0.0,0.0,0.0,0.0,14.285714285714285,0.0,10.0,0.0,0.0,0.0,0.0,0.0,0.0,0.0,0.0,20.0,0.0,0.0,0.0,20.0,0.0,0.0,50.0,100.0,0.0,0.0,0.0
Cliffcrest,123,0.0,0.0,0.0,66.66666666666666,0.0,0.0,0.0,100.0,0.0,20.0,100.0,50.0,6.666666666666667,0.0,0.0,16.666666666666664,0.0,50.0,0.0,0.0,0.0,0.0,25.0,0.0,0.0,0.0,0.0,0.0,0.0,0.0,0.0,0.0,25.0,100.0,50.0,0.0,0.0,0.0,0.0,50.0,0.0,0.0,0.0,0.0,0.0,0.0,12.5,0.0,0.0,9.090909090909092,20.0,0.0,0.0,0.0,0.0,0.0,0.0,0.0,0.0,0.0,0.0,0.0,0.0,33.33333333333333,0.0,0.0,0.0,0.0,28.57142857142857,0.0,90.0,0.0,0.0,0.0,0.0,0.0,0.0,0.0,25.0,20.0,0.0,0.0,0.0,20.0,0.0,0.0,50.0,50.0,14.285714285714285,0.0,100.0
Kennedy Park,124,0.0,0.0,66.66666666666666,66.66666666666666,0.0,0.0,37.5,100.0,0.0,20.0,66.66666666666666,50.0,6.666666666666667,0.0,0.0,16.666666666666664,0.0,20.0,0.0,0.0,0.0,0.0,25.0,0.0,0.0,0.0,0.0,0.0,0.0,0.0,0.0,0.0,0.0,100.0,50.0,0.0,0.0,0.0,0.0,0.0,20.0,0.0,0.0,0.0,0.0,0.0,37.5,0.0,0.0,9.090909090909092,20.0,0.0,10.0,0.0,0.0,50.0,0.0,70.0,0.0,0.0,0.0,0.0,0.0,22.22222222222222,0.0,0.0,0.0,0.0,14.285714285714285,0.0,10.0,33.33333333333333,0.0,0.0,0.0,0.0,0.0,0.0,25.0,20.0,0.0,0.0,0.0,40.0,0.0,0.0,50.0,50.0,14.285714285714285,0.0,100.0
Ionview,125,0.0,0.0,66.66666666666666,33.33333333333333,0.0,0.0,37.5,0.0,0.0,0.0,66.66666666666666,75.0,6.666666666666667,0.0,0.0,33.33333333333333,0.0,30.0,0.0,0.0,0.0,0.0,25.0,0.0,0.0,0.0,0.0,0.0,0.0,0.0,0.0,0.0,0.0,0.0,0.0,0.0,0.0,0.0,0.0,25.0,20.0,16.666666666666664,0.0,0.0,0.0,0.0,50.0,0.0,0.0,9.090909090909092,40.0,0.0,10.0,0.0,0.0,50.0,0.0,70.0,0.0,0.0,0.0,0.0,0.0,11.11111111111111,0.0,0.0,0.0,0.0,28.57142857142857,0.0,10.0,33.33333333333333,0.0,0.0,0.0,0.0,0.0,0.0,25.0,0.0,0.0,0.0,0.0,20.0,0.0,0.0,50.0,50.0,14.285714285714285,0.0,100.0
Dorset Park,126,0.0,0.0,66.66666666666666,66.66666666666666,0.0,0.0,25.0,0.0,0.0,0.0,66.66666666666666,25.0,0.0,0.0,0.0,66.66666666666666,0.0,20.0,0.0,0.0,0.0,0.0,0.0,0.0,0.0,0.0,0.0,0.0,0.0,0.0,0.0,100.0,12.5,100.0,0.0,0.0,0.0,0.0,0.0,0.0,0.0,16.666666666666664,0.0,0.0,0.0,0.0,37.5,0.0,0.0,18.181818181818183,20.0,0.0,10.0,0.0,0.0,50.0,0.0,70.0,0.0,0.0,0.0,0.0,0.0,11.11111111111111,0.0,100.0,0.0,0.0,14.285714285714285,0.0,20.0,66.66666666666666,0.0,0.0,0.0,0.0,0.0,0.0,0.0,40.0,0.0,0.0,0.0,20.0,0.0,0.0,50.0,0.0,14.285714285714285,0.0,100.0
Bendale,127,0.0,0.0,33.33333333333333,66.66666666666666,0.0,0.0,37.5,0.0,0.0,20.0,50.0,25.0,0.0,0.0,100.0,50.0,0.0,30.0,0.0,0.0,0.0,0.0,0.0,0.0,0.0,0.0,0.0,0.0,0.0,0.0,0.0,0.0,0.0,100.0,50.0,0.0,0.0,0.0,0.0,0.0,0.0,16.666666666666664,50.0,0.0,0.0,0.0,37.5,0.0,0.0,18.181818181818183,20.0,0.0,20.0,0.0,0.0,50.0,33.33333333333333,40.0,0.0,33.33333333333333,0.0,0.0,0.0,11.11111111111111,0.0,100.0,0.0,0.0,28.57142857142857,0.0,20.0,33.33333333333333,0.0,0.0,0.0,0.0,0.0,50.0,0.0,20.0,0.0,0.0,0.0,20.0,0.0,0.0,50.0,0.0,14.285714285714285,0.0,100.0
Agincourt South-Malvern West,128,0.0,0.0,33.33333333333333,66.66666666666666,0.0,0.0,37.5,0.0,0.0,40.0,66.66666666666666,25.0,0.0,0.0,100.0,66.66666666666666,0.0,50.0,0.0,0.0,0.0,0.0,0.0,0.0,0.0,0.0,0.0,0.0,0.0,0.0,0.0,100.0,0.0,100.0,50.0,0.0,0.0,0.0,0.0,0.0,0.0,33.33333333333333,50.0,0.0,0.0,0.0,37.5,0.0,0.0,9.090909090909092,20.0,0.0,10.0,0.0,0.0,0.0,66.66666666666666,0.0,0.0,66.66666666666666,0.0,0.0,0.0,0.0,0.0,100.0,0.0,0.0,14.285714285714285,0.0,20.0,33.33333333333333,0.0,0.0,0.0,0.0,0.0,50.0,0.0,40.0,0.0,0.0,0.0,0.0,0.0,0.0,0.0,50.0,0.0,0.0,100.0
Agincourt North,129,0.0,0.0,0.0,33.33333333333333,25.0,0.0,50.0,0.0,0.0,40.0,33.33333333333333,25.0,0.0,0.0,100.0,66.66666666666666,0.0,80.0,0.0,0.0,0.0,0.0,0.0,0.0,0.0,0.0,0.0,0.0,0.0,0.0,0.0,0.0,0.0,0.0,0.0,0.0,0.0,0.0,0.0,0.0,0.0,16.666666666666664,50.0,100.0,0.0,0.0,62.5,0.0,0.0,9.090909090909092,20.0,0.0,10.0,0.0,100.0,0.0,33.33333333333333,0.0,0.0,100.0,0.0,0.0,0.0,11.11111111111111,0.0,0.0,0.0,0.0,14.285714285714285,0.0,10.0,66.66666666666666,0.0,0.0,0.0,0.0,0.0,50.0,0.0,40.0,0.0,0.0,0.0,0.0,0.0,0.0,0.0,50.0,14.285714285714285,0.0,0.0
Milliken,130,0.0,0.0,33.33333333333333,66.66666666666666,25.0,0.0,50.0,0.0,0.0,0.0,16.666666666666664,0.0,0.0,0.0,100.0,66.66666666666666,0.0,100.0,0.0,0.0,0.0,0.0,0.0,0.0,0.0,0.0,0.0,0.0,0.0,0.0,0.0,0.0,0.0,0.0,0.0,0.0,0.0,0.0,0.0,25.0,0.0,16.666666666666664,100.0,100.0,0.0,100.0,37.5,0.0,0.0,0.0,20.0,0.0,0.0,0.0,0.0,0.0,33.33333333333333,10.0,0.0,100.0,0.0,0.0,0.0,11.11111111111111,0.0,0.0,0.0,0.0,14.285714285714285,0.0,10.0,0.0,100.0,0.0,0.0,0.0,0.0,50.0,0.0,40.0,0.0,0.0,0.0,0.0,0.0,0.0,0.0,100.0,28.57142857142857,0.0,0.0
Rouge,131,100.0,100.0,0.0,0.0,0.0,0.0,25.0,0.0,0.0,60.0,66.66666666666666,0.0,13.333333333333334,0.0,0.0,33.33333333333333,0.0,20.0,0.0,0.0,0.0,0.0,0.0,0.0,33.33333333333333,0.0,0.0,0.0,0.0,0.0,0.0,0.0,75.0,0.0,0.0,0.0,0.0,0.0,0.0,50.0,0.0,16.666666666666664,0.0,0.0,0.0,0.0,12.5,0.0,0.0,9.090909090909092,0.0,0.0,0.0,0.0,0.0,0.0,33.33333333333333,0.0,0.0,0.0,0.0,0.0,0.0,77.77777777777779,0.0,0.0,0.0,0.0,71.42857142857143,0.0,60.0,0.0,0.0,0.0,0.0,0.0,0.0,0.0,0.0,0.0,0.0,0.0,0.0,0.0,0.0,0.0,0.0,0.0,14.285714285714285,0.0,0.0
Malvern,132,0.0,0.0,0.0,33.33333333333333,0.0,0.0,12.5,0.0,0.0,80.0,50.0,0.0,0.0,0.0,100.0,66.66666666666666,0.0,50.0,0.0,0.0,0.0,0.0,0.0,0.0,33.33333333333333,0.0,0.0,0.0,0.0,0.0,0.0,0.0,0.0,0.0,50.0,0.0,0.0,0.0,0.0,50.0,0.0,0.0,100.0,0.0,0.0,0.0,100.0,0.0,0.0,18.181818181818183,0.0,0.0,10.0,0.0,100.0,0.0,33.33333333333333,0.0,0.0,33.33333333333333,0.0,0.0,0.0,22.22222222222222,0.0,0.0,0.0,0.0,42.857142857142854,0.0,30.0,33.33333333333333,0.0,0.0,0.0,0.0,0.0,50.0,0.0,20.0,0.0,0.0,0.0,0.0,0.0,0.0,0.0,0.0,0.0,0.0,0.0
Centennial Scarborough,133,0.0,0.0,0.0,0.0,0.0,0.0,12.5,0.0,0.0,80.0,33.33333333333333,0.0,13.333333333333334,0.0,0.0,33.33333333333333,0.0,30.0,0.0,0.0,0.0,0.0,0.0,0.0,33.33333333333333,0.0,0.0,0.0,0.0,0.0,0.0,0.0,62.5,0.0,0.0,0.0,0.0,0.0,0.0,75.0,0.0,33.33333333333333,0.0,0.0,0.0,0.0,12.5,0.0,0.0,9.090909090909092,40.0,0.0,0.0,0.0,0.0,0.0,33.33333333333333,0.0,0.0,0.0,0.0,0.0,0.0,100.0,0.0,0.0,0.0,0.0,42.857142857142854,0.0,40.0,33.33333333333333,0.0,0.0,0.0,0.0,0.0,0.0,0.0,0.0,0.0,0.0,0.0,40.0,0.0,0.0,0.0,0.0,0.0,50.0,0.0
Highland Creek,134,0.0,0.0,33.33333333333333,0.0,0.0,0.0,12.5,0.0,0.0,80.0,50.0,0.0,0.0,0.0,0.0,33.33333333333333,0.0,40.0,0.0,0.0,0.0,0.0,0.0,0.0,66.66666666666666,0.0,0.0,0.0,0.0,0.0,0.0,0.0,75.0,0.0,0.0,0.0,0.0,0.0,0.0,75.0,0.0,33.33333333333333,0.0,0.0,0.0,0.0,37.5,0.0,0.0,9.090909090909092,0.0,0.0,0.0,0.0,0.0,0.0,33.33333333333333,0.0,0.0,0.0,0.0,0.0,0.0,77.77777777777779,0.0,0.0,0.0,0.0,42.857142857142854,0.0,60.0,0.0,0.0,0.0,0.0,0.0,0.0,0.0,0.0,0.0,0.0,0.0,0.0,20.0,0.0,0.0,0.0,0.0,0.0,0.0,0.0
Morningside,135,0.0,0.0,0.0,0.0,0.0,0.0,12.5,0.0,0.0,100.0,66.66666666666666,0.0,6.666666666666667,0.0,0.0,66.66666666666666,0.0,30.0,0.0,0.0,0.0,0.0,0.0,0.0,33.33333333333333,0.0,0.0,0.0,0.0,0.0,0.0,0.0,37.5,0.0,50.0,0.0,0.0,0.0,0.0,75.0,0.0,16.666666666666664,50.0,0.0,0.0,0.0,37.5,0.0,0.0,18.181818181818183,0.0,0.0,0.0,0.0,0.0,0.0,66.66666666666666,0.0,0.0,0.0,0.0,0.0,0.0,44.44444444444444,0.0,0.0,0.0,0.0,57.14285714285714,0.0,40.0,0.0,0.0,0.0,0.0,0.0,0.0,50.0,0.0,20.0,0.0,0.0,0.0,0.0,0.0,0.0,0.0,0.0,0.0,0.0,100.0
West Hill,136,0.0,0.0,0.0,0.0,0.0,0.0,12.5,0.0,0.0,60.0,50.0,0.0,0.0,0.0,0.0,16.666666666666664,0.0,30.0,0.0,0.0,0.0,0.0,0.0,0.0,0.0,0.0,0.0,0.0,0.0,0.0,0.0,0.0,100.0,0.0,0.0,0.0,0.0,0.0,0.0,100.0,0.0,16.666666666666664,0.0,0.0,0.0,0.0,50.0,0.0,0.0,9.090909090909092,0.0,0.0,0.0,0.0,0.0,0.0,33.33333333333333,0.0,0.0,0.0,0.0,0.0,0.0,77.77777777777779,0.0,0.0,0.0,0.0,42.857142857142854,0.0,80.0,0.0,0.0,0.0,0.0,0.0,0.0,0.0,0.0,0.0,0.0,0.0,0.0,20.0,0.0,0.0,0.0,0.0,14.285714285714285,0.0,0.0
Woburn,137,0.0,0.0,0.0,66.66666666666666,0.0,0.0,25.0,100.0,0.0,60.0,33.33333333333333,25.0,0.0,0.0,100.0,50.0,0.0,60.0,0.0,0.0,0.0,0.0,0.0,0.0,33.33333333333333,0.0,0.0,0.0,0.0,0.0,0.0,0.0,0.0,100.0,50.0,0.0,0.0,0.0,0.0,50.0,0.0,0.0,50.0,0.0,0.0,0.0,50.0,0.0,0.0,18.181818181818183,20.0,0.0,10.0,0.0,0.0,0.0,33.33333333333333,0.0,0.0,33.33333333333333,0.0,0.0,0.0,22.22222222222222,0.0,100.0,0.0,0.0,57.14285714285714,0.0,10.0,0.0,0.0,0.0,0.0,0.0,0.0,100.0,0.0,20.0,0.0,0.0,0.0,0.0,0.0,0.0,0.0,0.0,0.0,50.0,100.0
Eglinton East,138,0.0,0.0,33.33333333333333,33.33333333333333,0.0,0.0,25.0,100.0,0.0,20.0,66.66666666666666,75.0,0.0,0.0,0.0,16.666666666666664,0.0,30.0,0.0,0.0,0.0,0.0,25.0,0.0,0.0,0.0,0.0,0.0,0.0,0.0,0.0,0.0,0.0,100.0,50.0,0.0,0.0,0.0,0.0,0.0,0.0,0.0,50.0,0.0,0.0,0.0,50.0,0.0,0.0,9.090909090909092,20.0,0.0,10.0,0.0,0.0,0.0,33.33333333333333,70.0,0.0,0.0,0.0,0.0,0.0,11.11111111111111,0.0,100.0,0.0,0.0,14.285714285714285,0.0,30.0,33.33333333333333,0.0,0.0,0.0,0.0,0.0,0.0,25.0,40.0,0.0,0.0,0.0,0.0,0.0,0.0,50.0,50.0,14.285714285714285,0.0,100.0
Scarborough Village,139,0.0,0.0,0.0,33.33333333333333,0.0,0.0,12.5,100.0,0.0,40.0,33.33333333333333,0.0,0.0,0.0,0.0,33.33333333333333,0.0,40.0,0.0,0.0,0.0,0.0,0.0,0.0,0.0,0.0,0.0,0.0,0.0,0.0,0.0,0.0,62.5,0.0,100.0,0.0,0.0,0.0,0.0,75.0,0.0,0.0,50.0,0.0,0.0,0.0,50.0,0.0,0.0,0.0,0.0,0.0,0.0,0.0,0.0,0.0,0.0,0.0,0.0,0.0,0.0,0.0,0.0,66.66666666666666,0.0,0.0,0.0,0.0,28.57142857142857,0.0,100.0,0.0,0.0,0.0,0.0,0.0,0.0,0.0,0.0,20.0,0.0,0.0,0.0,20.0,0.0,0.0,0.0,0.0,14.285714285714285,0.0,100.0
Guildwood,140,0.0,0.0,0.0,0.0,0.0,0.0,0.0,100.0,0.0,40.0,33.33333333333333,0.0,0.0,0.0,0.0,16.666666666666664,0.0,20.0,0.0,0.0,0.0,100.0,0.0,0.0,0.0,0.0,0.0,0.0,0.0,0.0,0.0,0.0,100.0,0.0,0.0,0.0,0.0,0.0,0.0,75.0,0.0,16.666666666666664,50.0,0.0,0.0,0.0,50.0,0.0,0.0,9.090909090909092,0.0,0.0,0.0,0.0,0.0,0.0,0.0,0.0,0.0,0.0,0.0,0.0,0.0,77.77777777777779,0.0,0.0,0.0,0.0,42.857142857142854,0.0,100.0,0.0,0.0,0.0,0.0,0.0,0.0,0.0,0.0,0.0,0.0,0.0,0.0,20.0,0.0,0.0,0.0,0.0,14.285714285714285,0.0,100.0
