Neighborhood,ID,Afrikaans,Akan (Twi),Albanian,Amharic,Arabic,Armenian,Assyrian,Azerbaijani,Bamanankan,Belarusan,Bengali,Bikol,Bilen,Bosnian,Bulgarian,Burmese,Cantonese,Catalan,Cebuano,Chaldean Neo-Aramaic,Croatian,Czech,Dakota,Danish,Dene,Dinka,Dutch,Edo,English,Estonian,Ewe,Fijian,Finnish,French,"Fulah (Pular, Pulaar, Fulfulde)",Ga,Ganda,Georgian,German,Greek,Gujarati,Haitian Creole,Hakka,Harari,Hebrew,Hiligaynon,Hindi,Hungarian,Icelandic,Igbo,Ilocano,Italian,Japanese,Kabyle,Kannada,Kashmiri,Khmer (Cambodian),Kinyarwanda (Rwanda),Konkani,Korean,Kurdish,Lao,Latvian,Lingala,Lithuanian,Macedonian,Malagasy,Malay,Malayalam,Maltese,Mandarin,Marathi,Min Dong,Min Nan,Mohawk,Mongolian,Montagnais (Innu),Nepali,Norwegian,Oji-Cree,Ojibway,Oriya (Odia),Oromo,Ottawa (Odawa),"Pampangan (Kapampangan, Pampango)",Pangasinan,Pashto,Persian,Polish,Portuguese,Punjabi,Romanian,Rundi (Kirundi),Russian,Sarsi (Sarcee),Scottish Gaelic,Serbian,Serbo-Croatian,Shona,Sindhi,Sinhala (Sinhalese),Slovak,Slovene (Slovenian),Somali,Spanish,Swahili,Swampy Cree,Swedish,Tagalog,Tamil,Telugu,Thai,Tibetan,Tigrigna,Turkish,Ukrainian,Urdu,Uyghur,Uzbek,Vietnamese,Vlaams (Flemish),Waray-Waray,Welsh,Wolof,Wu (Shanghainese),Yiddish,Yoruba
West Humber-Clairville,1,0.0,0.55,0.21,0.07,0.37,0.02,0.37,0.0,0.0,0.0,0.37,0.0,0.0,0.0,0.0,0.05,0.6,0.0,0.02,0.02,0.14,0.02,0.0,0.0,0.0,0.0,0.0,0.07,64.56,0.0,0.0,0.0,0.0,0.33,0.0,0.07,0.02,0.0,0.05,0.21,4.43,0.0,0.02,0.0,0.0,0.0,1.88,0.19,0.0,0.09,0.07,1.13,0.05,0.0,0.02,0.0,0.05,0.0,0.0,0.19,0.02,0.02,0.0,0.0,0.02,0.02,0.0,0.0,0.33,0.05,0.58,0.05,0.0,0.05,0.0,0.02,0.0,0.04,0.0,0.0,0.0,0.0,0.0,0.0,0.04,0.02,0.05,0.42,0.26,0.25,12.09,0.02,0.02,0.12,0.0,0.0,0.07,0.0,0.0,0.04,0.21,0.02,0.05,0.55,2.38,0.07,0.0,0.0,1.58,1.48,0.19,0.02,0.02,0.11,0.23,0.05,1.46,0.0,0.0,0.6,0.0,0.04,0.0,0.0,0.0,0.0,0.12
Mount Olive-Silverstone-Jamestown,2,0.02,1.37,0.05,0.16,3.65,0.11,6.31,0.0,0.0,0.0,0.61,0.0,0.0,0.0,0.02,0.04,0.41,0.0,0.02,0.92,0.05,0.0,0.0,0.0,0.0,0.0,0.0,0.14,55.11,0.0,0.02,0.02,0.0,0.38,0.0,0.02,0.0,0.0,0.04,0.02,6.39,0.05,0.04,0.0,0.0,0.02,1.24,0.09,0.0,0.16,0.13,1.26,0.02,0.0,0.02,0.0,0.04,0.0,0.0,0.16,0.04,0.09,0.0,0.04,0.0,0.02,0.0,0.04,0.22,0.0,0.14,0.05,0.0,0.0,0.0,0.0,0.0,0.02,0.0,0.0,0.0,0.0,0.0,0.0,0.0,0.0,0.29,0.79,0.2,0.34,7.06,0.05,0.0,0.11,0.0,0.0,0.02,0.02,0.02,0.02,0.05,0.0,0.02,1.49,1.94,0.14,0.0,0.0,0.77,3.36,0.07,0.05,0.02,0.07,0.16,0.05,2.25,0.0,0.02,0.68,0.0,0.0,0.0,0.02,0.0,0.0,0.2
Thistletown-Beaumond Heights,3,0.0,0.74,0.06,0.06,1.25,0.06,2.62,0.0,0.0,0.0,0.57,0.0,0.0,0.0,0.0,0.0,0.46,0.0,0.0,0.46,0.29,0.0,0.0,0.0,0.0,0.0,0.0,0.06,64.06,0.0,0.0,0.0,0.0,0.57,0.0,0.06,0.0,0.0,0.11,0.34,3.37,0.0,0.0,0.0,0.0,0.0,1.14,0.29,0.0,0.06,0.0,3.14,0.0,0.0,0.0,0.0,0.06,0.0,0.0,0.17,0.0,0.0,0.0,0.0,0.0,0.0,0.0,0.0,0.17,0.0,0.29,0.06,0.0,0.06,0.0,0.0,0.0,0.06,0.0,0.0,0.0,0.0,0.0,0.0,0.0,0.0,0.11,0.8,0.57,0.57,6.1,0.17,0.0,0.11,0.0,0.0,0.0,0.0,0.0,0.0,0.06,0.0,0.06,0.68,4.28,0.06,0.0,0.06,1.03,1.2,0.17,0.0,0.06,0.06,0.17,0.11,2.0,0.0,0.0,0.86,0.0,0.0,0.0,0.0,0.0,0.0,0.11
Rexdale-Kipling,4,0.0,0.32,0.21,0.11,0.58,0.0,0.74,0.0,0.0,0.0,0.58,0.0,0.0,0.05,0.05,0.0,0.37,0.0,0.11,0.0,1.38,0.0,0.0,0.0,0.0,0.0,0.0,0.0,74.76,0.0,0.0,0.0,0.0,0.69,0.0,0.0,0.0,0.05,0.21,0.42,0.74,0.0,0.0,0.0,0.0,0.05,0.58,0.32,0.0,0.05,0.0,1.54,0.0,0.0,0.0,0.0,0.0,0.0,0.0,0.16,0.0,0.05,0.0,0.0,0.0,0.0,0.0,0.05,0.05,0.05,0.27,0.0,0.0,0.0,0.0,0.0,0.0,0.11,0.0,0.0,0.0,0.0,0.27,0.0,0.11,0.0,0.16,0.58,0.95,0.53,0.8,0.27,0.0,0.27,0.0,0.0,0.05,0.0,0.0,0.0,0.16,0.05,0.16,0.64,5.41,0.11,0.0,0.0,1.11,0.64,0.0,0.0,0.05,0.11,0.21,0.16,1.48,0.0,0.0,1.01,0.0,0.0,0.0,0.0,0.0,0.0,0.05
Elms-Old Rexdale,5,0.0,0.59,0.06,0.06,0.3,0.0,0.47,0.0,0.0,0.0,0.59,0.0,0.0,0.0,0.0,0.12,0.41,0.0,0.06,0.0,0.3,0.06,0.0,0.0,0.0,0.0,0.0,0.06,72.81,0.0,0.0,0.0,0.0,0.35,0.0,0.0,0.06,0.0,0.06,0.06,0.24,0.0,0.0,0.0,0.0,0.0,0.41,0.3,0.0,0.0,0.18,2.25,0.06,0.0,0.0,0.0,0.12,0.0,0.0,0.41,0.06,0.06,0.0,0.0,0.06,0.12,0.0,0.0,0.06,0.0,0.24,0.0,0.0,0.0,0.0,0.0,0.0,0.0,0.0,0.0,0.0,0.0,0.0,0.0,0.06,0.0,0.0,1.71,1.36,0.35,0.47,0.18,0.0,0.35,0.0,0.0,0.12,0.0,0.0,0.0,0.0,0.0,0.06,3.13,5.56,0.12,0.0,0.0,1.71,0.35,0.06,0.0,0.06,0.12,0.06,0.18,1.12,0.0,0.0,1.77,0.0,0.0,0.0,0.0,0.0,0.0,0.12
Kingsview Village-The Westway,6,0.0,0.18,0.63,0.08,0.79,0.13,0.03,0.0,0.0,0.0,0.84,0.0,0.0,0.05,0.08,0.03,0.53,0.0,0.13,0.0,0.37,0.03,0.0,0.0,0.0,0.0,0.0,0.0,66.56,0.03,0.0,0.0,0.0,1.03,0.0,0.0,0.08,0.0,0.08,0.37,0.45,0.0,0.0,0.03,0.03,0.0,0.87,0.55,0.0,0.0,0.08,2.53,0.03,0.0,0.0,0.0,0.0,0.0,0.03,0.74,0.0,0.0,0.0,0.0,0.03,0.0,0.0,0.0,0.05,0.08,0.42,0.0,0.0,0.03,0.0,0.0,0.0,0.05,0.0,0.0,0.0,0.0,0.08,0.0,0.0,0.03,0.11,1.34,1.24,0.92,0.95,0.24,0.0,0.42,0.0,0.0,0.16,0.03,0.0,0.11,0.13,0.05,0.03,6.08,3.29,0.18,0.0,0.0,0.76,0.55,0.05,0.0,0.08,0.08,0.32,0.66,3.58,0.03,0.0,0.45,0.0,0.0,0.0,0.0,0.03,0.0,0.05
Willowridge-Martingrove-Richview,7,0.0,0.37,0.92,0.05,0.27,0.02,0.12,0.02,0.02,0.0,0.27,0.0,0.0,0.0,0.1,0.0,0.47,0.0,0.02,0.0,0.4,0.02,0.0,0.02,0.0,0.0,0.02,0.05,75.91,0.02,0.0,0.0,0.02,0.87,0.0,0.0,0.02,0.0,0.07,0.35,0.47,0.0,0.02,0.02,0.0,0.02,0.25,0.27,0.0,0.05,0.05,2.7,0.02,0.0,0.0,0.0,0.0,0.0,0.0,1.19,0.0,0.0,0.02,0.0,0.05,0.02,0.0,0.0,0.2,0.07,0.6,0.12,0.0,0.07,0.0,0.0,0.0,0.05,0.0,0.0,0.0,0.0,0.0,0.0,0.0,0.0,0.02,0.25,1.07,1.12,0.72,0.3,0.0,0.32,0.0,0.0,0.4,0.05,0.02,0.07,0.32,0.02,0.07,0.94,2.38,0.02,0.0,0.0,0.89,0.52,0.05,0.0,0.17,0.1,0.17,1.22,1.46,0.0,0.02,0.35,0.0,0.0,0.0,0.0,0.02,0.0,0.12
Humber Heights-Westmount,8,0.0,0.27,0.75,0.05,0.43,0.05,0.05,0.0,0.0,0.0,0.21,0.0,0.0,0.05,0.11,0.0,0.11,0.0,0.0,0.0,0.54,0.11,0.0,0.0,0.0,0.0,0.0,0.0,72.2,0.0,0.0,0.0,0.0,0.21,0.0,0.0,0.0,0.0,0.16,0.21,0.0,0.0,0.0,0.0,0.0,0.0,0.05,0.37,0.0,0.0,0.11,4.02,0.0,0.0,0.0,0.0,0.0,0.0,0.0,0.64,0.0,0.0,0.05,0.0,0.21,0.11,0.0,0.0,0.05,0.11,0.11,0.0,0.0,0.0,0.0,0.0,0.0,0.05,0.0,0.0,0.0,0.0,0.05,0.0,0.0,0.0,0.0,0.27,1.61,2.3,0.32,0.59,0.0,1.93,0.0,0.0,0.59,0.11,0.05,0.0,0.0,0.11,0.05,1.07,2.95,0.11,0.0,0.05,0.43,0.05,0.0,0.0,0.0,0.16,0.11,5.14,0.27,0.0,0.0,0.27,0.0,0.0,0.0,0.0,0.0,0.0,0.0
Edenbridge-Humber Valley,9,0.0,0.07,0.53,0.07,0.11,0.04,0.0,0.0,0.0,0.0,0.04,0.0,0.0,0.11,0.18,0.0,0.35,0.0,0.04,0.0,0.35,0.07,0.0,0.0,0.04,0.0,0.04,0.0,78.05,0.0,0.0,0.0,0.0,0.7,0.0,0.0,0.0,0.0,0.18,0.25,0.11,0.0,0.0,0.0,0.0,0.0,0.07,0.14,0.0,0.0,0.0,1.37,0.11,0.0,0.0,0.0,0.0,0.0,0.0,0.99,0.07,0.0,0.04,0.0,0.04,0.11,0.0,0.0,0.04,0.11,0.6,0.0,0.0,0.0,0.0,0.0,0.0,0.0,0.0,0.0,0.0,0.04,0.04,0.0,0.0,0.0,0.04,0.18,1.87,1.48,0.07,0.42,0.0,1.55,0.0,0.0,1.37,0.07,0.0,0.0,0.04,0.11,0.11,0.25,3.35,0.0,0.0,0.0,0.46,0.0,0.04,0.0,0.07,0.0,0.18,2.96,0.11,0.0,0.0,0.18,0.0,0.0,0.0,0.0,0.04,0.0,0.07
Princess-Rosethorn,10,0.0,0.0,0.62,0.0,0.05,0.1,0.0,0.0,0.0,0.0,0.0,0.0,0.0,0.0,0.14,0.0,0.43,0.0,0.0,0.0,0.33,0.05,0.0,0.1,0.0,0.0,0.0,0.0,85.48,0.0,0.0,0.0,0.0,0.53,0.0,0.0,0.0,0.0,0.14,0.19,0.05,0.0,0.0,0.0,0.05,0.0,0.24,0.29,0.0,0.0,0.0,0.48,0.14,0.0,0.0,0.0,0.0,0.0,0.0,1.72,0.0,0.0,0.0,0.0,0.0,0.05,0.0,0.05,0.05,0.0,1.34,0.0,0.0,0.05,0.0,0.0,0.0,0.0,0.0,0.0,0.0,0.0,0.0,0.0,0.0,0.0,0.0,0.33,0.76,0.57,0.05,0.57,0.0,0.67,0.0,0.0,1.43,0.1,0.0,0.0,0.14,0.0,0.0,0.1,0.67,0.0,0.0,0.0,0.24,0.05,0.05,0.0,0.0,0.0,0.0,1.29,0.1,0.0,0.0,0.19,0.0,0.0,0.0,0.0,0.05,0.0,0.0
Eringate-Centennial-West Deane,11,0.0,0.06,0.3,0.03,0.36,0.12,0.0,0.0,0.0,0.0,0.15,0.0,0.0,0.33,0.47,0.0,0.95,0.0,0.09,0.0,0.44,0.03,0.0,0.0,0.0,0.0,0.0,0.0,75.24,0.0,0.0,0.0,0.0,0.47,0.0,0.0,0.0,0.12,0.12,0.24,0.12,0.0,0.0,0.0,0.0,0.0,0.21,0.3,0.0,0.0,0.03,0.92,0.09,0.0,0.0,0.0,0.0,0.0,0.06,1.57,0.0,0.0,0.0,0.0,0.12,0.24,0.0,0.0,0.09,0.06,1.13,0.06,0.0,0.03,0.0,0.0,0.0,0.0,0.0,0.0,0.0,0.0,0.0,0.0,0.0,0.0,0.0,0.15,2.34,1.36,0.18,0.24,0.0,1.48,0.0,0.0,2.52,0.15,0.0,0.0,0.03,0.06,0.12,0.65,1.54,0.0,0.0,0.0,0.59,0.18,0.0,0.0,0.12,0.0,0.09,2.85,0.53,0.0,0.0,0.24,0.0,0.0,0.0,0.0,0.06,0.0,0.0
Markland Wood,12,0.0,0.0,0.31,0.0,0.25,0.0,0.05,0.0,0.0,0.0,0.0,0.0,0.0,0.15,0.87,0.0,0.41,0.0,0.0,0.0,0.41,0.0,0.0,0.0,0.0,0.0,0.05,0.0,77.49,0.05,0.0,0.0,0.0,0.51,0.0,0.0,0.0,0.0,0.05,0.36,0.05,0.0,0.0,0.0,0.0,0.0,0.1,0.41,0.0,0.0,0.0,0.36,0.1,0.0,0.0,0.0,0.0,0.0,0.0,1.17,0.0,0.0,0.1,0.0,0.2,0.56,0.0,0.0,0.0,0.1,1.12,0.0,0.0,0.05,0.0,0.0,0.0,0.0,0.0,0.0,0.0,0.0,0.0,0.0,0.0,0.0,0.0,0.25,2.09,0.61,0.0,0.36,0.0,0.81,0.0,0.0,5.86,0.31,0.0,0.0,0.0,0.25,0.1,0.0,0.87,0.0,0.0,0.0,0.31,0.15,0.0,0.0,0.1,0.0,0.15,2.14,0.1,0.05,0.0,0.15,0.0,0.0,0.0,0.0,0.05,0.0,0.0
Etobicoke West Mall,13,0.0,0.05,1.02,0.0,1.12,0.05,0.19,0.0,0.0,0.0,0.24,0.05,0.0,0.34,0.63,0.0,0.53,0.0,0.0,0.0,0.34,0.15,0.0,0.0,0.0,0.0,0.0,0.0,67.95,0.0,0.0,0.0,0.0,0.39,0.0,0.0,0.0,0.0,0.1,0.24,0.19,0.0,0.0,0.0,0.0,0.05,0.24,0.73,0.0,0.0,0.0,0.49,0.05,0.0,0.05,0.0,0.0,0.0,0.05,1.51,0.05,0.0,0.0,0.0,0.24,0.19,0.0,0.1,0.1,0.1,1.12,0.05,0.0,0.05,0.0,0.1,0.0,0.1,0.0,0.0,0.0,0.0,0.0,0.0,0.0,0.0,0.05,0.92,2.38,0.73,0.1,0.34,0.0,1.65,0.0,0.0,3.25,0.29,0.0,0.0,0.19,0.1,0.05,0.63,2.48,0.0,0.0,0.0,1.85,0.78,0.1,0.0,0.15,0.05,0.87,2.48,1.12,0.1,0.05,0.39,0.0,0.0,0.0,0.0,0.0,0.0,0.0
Islington-City Centre West,14,0.0,0.08,0.44,0.09,0.92,0.08,0.03,0.0,0.0,0.01,0.42,0.0,0.0,0.16,0.14,0.04,0.54,0.0,0.04,0.0,0.37,0.06,0.0,0.0,0.0,0.0,0.0,0.03,72.82,0.03,0.0,0.0,0.0,0.74,0.0,0.0,0.0,0.01,0.09,0.28,0.15,0.0,0.01,0.0,0.01,0.0,0.32,0.15,0.0,0.0,0.03,0.79,0.19,0.0,0.03,0.0,0.0,0.01,0.01,2.89,0.01,0.0,0.01,0.01,0.21,0.06,0.0,0.03,0.1,0.06,1.29,0.03,0.0,0.01,0.0,0.01,0.0,0.11,0.0,0.0,0.0,0.01,0.03,0.0,0.01,0.0,0.05,0.49,1.6,1.17,0.13,0.25,0.0,1.66,0.0,0.0,1.83,0.11,0.0,0.0,0.01,0.09,0.09,0.81,1.94,0.01,0.0,0.0,1.15,0.35,0.13,0.04,0.33,0.05,0.23,2.52,0.48,0.08,0.04,0.32,0.0,0.0,0.0,0.0,0.06,0.0,0.0
Kingsway South,15,0.0,0.0,0.11,0.0,0.11,0.0,0.0,0.0,0.0,0.0,0.0,0.0,0.0,0.0,0.0,0.0,0.33,0.0,0.0,0.0,0.22,0.0,0.0,0.0,0.0,0.0,0.0,0.0,93.51,0.0,0.0,0.0,0.0,0.78,0.0,0.0,0.0,0.11,0.17,0.0,0.0,0.0,0.0,0.0,0.0,0.0,0.0,0.06,0.0,0.0,0.0,0.28,0.17,0.0,0.0,0.0,0.0,0.0,0.0,0.33,0.0,0.0,0.11,0.0,0.11,0.0,0.0,0.0,0.0,0.06,0.11,0.0,0.0,0.0,0.0,0.0,0.0,0.0,0.0,0.0,0.0,0.0,0.0,0.0,0.0,0.0,0.0,0.11,0.5,0.33,0.0,0.11,0.0,0.22,0.0,0.0,0.33,0.06,0.0,0.0,0.0,0.0,0.0,0.0,0.28,0.0,0.0,0.11,0.17,0.0,0.0,0.0,0.06,0.0,0.06,1.0,0.0,0.0,0.0,0.11,0.0,0.0,0.0,0.0,0.0,0.0,0.0
Stonegate-Queensway,16,0.0,0.0,0.62,0.04,0.04,0.04,0.02,0.0,0.0,0.02,0.04,0.0,0.0,0.0,0.19,0.02,0.39,0.0,0.0,0.0,0.24,0.06,0.0,0.02,0.0,0.0,0.0,0.0,80.31,0.02,0.0,0.0,0.04,0.64,0.0,0.0,0.0,0.0,0.15,0.13,0.09,0.0,0.0,0.0,0.0,0.02,0.06,0.19,0.0,0.0,0.0,1.12,0.04,0.0,0.0,0.02,0.0,0.0,0.0,0.36,0.02,0.0,0.02,0.0,0.26,0.04,0.0,0.02,0.02,0.02,0.45,0.0,0.02,0.0,0.0,0.0,0.0,0.0,0.0,0.0,0.0,0.0,0.0,0.0,0.0,0.0,0.0,0.17,2.94,0.99,0.04,0.28,0.0,1.84,0.0,0.0,1.27,0.04,0.0,0.0,0.02,0.13,0.11,0.0,0.99,0.04,0.0,0.0,0.49,0.06,0.04,0.04,0.81,0.0,0.06,3.24,0.11,0.0,0.09,0.26,0.0,0.0,0.0,0.0,0.06,0.0,0.02
Mimico (includes Humber Bay Shores),17,0.0,0.03,0.48,0.05,0.35,0.0,0.03,0.03,0.0,0.0,0.1,0.0,0.0,0.02,0.13,0.02,0.69,0.0,0.03,0.0,0.11,0.05,0.0,0.0,0.0,0.0,0.02,0.0,80.48,0.02,0.0,0.0,0.0,0.79,0.02,0.0,0.0,0.03,0.13,0.15,0.16,0.0,0.0,0.0,0.03,0.0,0.18,0.26,0.0,0.02,0.06,0.61,0.15,0.0,0.02,0.0,0.0,0.0,0.0,0.69,0.03,0.02,0.02,0.0,0.05,0.02,0.02,0.02,0.02,0.0,1.16,0.02,0.0,0.05,0.0,0.06,0.0,0.05,0.0,0.0,0.0,0.0,0.0,0.0,0.0,0.0,0.0,0.6,2.34,1.05,0.11,0.23,0.0,1.68,0.0,0.0,0.44,0.05,0.0,0.02,0.02,0.15,0.03,0.0,1.77,0.03,0.0,0.0,0.74,0.1,0.0,0.03,1.37,0.0,0.19,1.24,0.11,0.0,0.0,0.24,0.0,0.0,0.0,0.0,0.03,0.0,0.0
New Toronto,18,0.0,0.09,0.14,0.09,0.38,0.05,0.0,0.0,0.0,0.09,0.24,0.0,0.0,0.0,0.24,0.0,0.33,0.0,0.0,0.0,0.14,0.0,0.0,0.0,0.0,0.05,0.0,0.0,83.35,0.05,0.0,0.0,0.0,0.66,0.0,0.05,0.05,0.05,0.0,0.14,0.05,0.0,0.0,0.0,0.05,0.0,0.33,0.14,0.0,0.09,0.05,0.19,0.05,0.0,0.0,0.0,0.0,0.0,0.0,0.57,0.0,0.0,0.0,0.05,0.05,0.0,0.0,0.0,0.05,0.05,0.8,0.0,0.0,0.05,0.0,0.05,0.0,0.0,0.0,0.0,0.0,0.0,0.05,0.0,0.0,0.0,0.0,0.09,3.26,0.76,0.0,0.09,0.0,0.76,0.0,0.0,0.19,0.05,0.0,0.0,0.05,0.05,0.0,0.47,1.42,0.09,0.0,0.0,1.42,0.09,0.0,0.0,0.95,0.0,0.14,0.99,0.05,0.0,0.0,0.24,0.0,0.0,0.0,0.0,0.0,0.0,0.0
Long Branch,19,0.0,0.0,0.26,0.0,0.21,0.0,0.11,0.0,0.0,0.0,0.05,0.0,0.0,0.05,0.42,0.0,0.16,0.0,0.0,0.0,0.16,0.0,0.0,0.0,0.0,0.0,0.05,0.0,84.05,0.05,0.0,0.0,0.0,0.42,0.05,0.0,0.11,0.0,0.16,0.16,0.05,0.0,0.0,0.0,0.0,0.0,0.16,0.05,0.0,0.0,0.0,0.11,0.05,0.0,0.0,0.0,0.0,0.0,0.0,0.16,0.05,0.0,0.05,0.0,0.11,0.05,0.0,0.05,0.0,0.0,0.64,0.0,0.0,0.05,0.0,0.0,0.0,0.05,0.0,0.0,0.0,0.0,0.0,0.0,0.0,0.0,0.0,0.32,3.66,0.58,0.0,0.11,0.0,0.95,0.0,0.0,0.74,0.05,0.0,0.0,0.0,0.11,0.0,0.0,1.32,0.0,0.0,0.05,1.38,0.0,0.0,0.0,0.69,0.0,0.0,1.32,0.11,0.0,0.0,0.48,0.0,0.0,0.0,0.0,0.0,0.0,0.0
Alderwood,20,0.0,0.0,0.31,0.0,0.13,0.0,0.0,0.0,0.0,0.0,0.09,0.04,0.0,0.18,0.13,0.04,0.53,0.0,0.0,0.0,0.49,0.04,0.0,0.0,0.0,0.0,0.0,0.0,81.81,0.04,0.0,0.0,0.0,0.22,0.0,0.0,0.0,0.0,0.09,0.27,0.71,0.0,0.0,0.0,0.0,0.04,0.04,0.13,0.0,0.0,0.04,1.87,0.0,0.0,0.04,0.0,0.0,0.0,0.0,0.22,0.0,0.0,0.0,0.0,0.0,0.0,0.0,0.0,0.0,0.0,0.4,0.0,0.0,0.09,0.0,0.0,0.0,0.0,0.0,0.0,0.0,0.0,0.0,0.0,0.0,0.0,0.0,0.04,2.94,1.51,0.09,0.18,0.0,0.98,0.0,0.0,0.89,0.0,0.0,0.0,0.0,0.13,0.8,0.0,0.67,0.0,0.0,0.0,0.93,0.18,0.0,0.0,0.93,0.0,0.0,1.42,0.04,0.0,0.0,0.22,0.0,0.0,0.0,0.0,0.0,0.0,0.0
Humber Summit,21,0.0,0.33,0.0,0.09,1.22,0.05,0.98,0.0,0.0,0.0,1.03,0.0,0.05,0.0,0.0,0.0,0.42,0.0,0.0,0.61,0.0,0.0,0.0,0.0,0.0,0.0,0.0,0.0,55.1,0.0,0.0,0.0,0.0,0.28,0.0,0.0,0.0,0.0,0.09,0.05,1.64,0.0,0.0,0.05,0.0,0.0,0.75,0.05,0.0,0.0,0.0,10.72,0.05,0.0,0.0,0.0,0.14,0.0,0.0,0.14,0.0,0.0,0.0,0.0,0.0,0.05,0.0,0.0,0.05,0.0,0.05,0.0,0.0,0.09,0.0,0.0,0.0,0.05,0.0,0.0,0.0,0.0,0.0,0.05,0.0,0.0,0.0,0.61,0.05,0.7,6.74,0.09,0.0,0.05,0.0,0.0,0.05,0.0,0.05,0.0,0.05,0.0,0.0,0.51,3.98,0.05,0.0,0.0,0.84,1.17,0.14,0.0,0.0,0.0,0.33,0.0,7.77,0.0,0.05,2.57,0.0,0.0,0.0,0.0,0.0,0.0,0.05
Humbermede,22,0.04,0.33,0.0,0.04,0.84,0.04,0.55,0.0,0.0,0.0,0.4,0.0,0.15,0.0,0.07,0.04,1.17,0.0,0.0,0.15,0.04,0.11,0.0,0.0,0.0,0.0,0.0,0.04,58.42,0.0,0.0,0.0,0.0,0.33,0.0,0.04,0.0,0.0,0.04,0.11,1.25,0.04,0.0,0.0,0.0,0.0,0.62,0.15,0.0,0.18,0.26,4.51,0.0,0.0,0.0,0.0,0.15,0.0,0.04,0.48,0.0,0.11,0.07,0.0,0.0,0.0,0.0,0.0,0.15,0.0,0.18,0.0,0.0,0.07,0.0,0.0,0.0,0.07,0.0,0.0,0.0,0.0,0.04,0.0,0.07,0.0,0.11,0.15,0.18,0.4,3.7,0.11,0.0,0.15,0.0,0.0,0.0,0.0,0.0,0.0,0.0,0.0,0.04,0.18,8.84,0.04,0.0,0.0,2.05,1.54,0.0,0.0,0.0,0.29,0.33,0.07,5.94,0.0,0.0,4.36,0.0,0.0,0.0,0.0,0.0,0.0,0.15
Pelmo Park-Humberlea,23,0.0,0.42,0.47,0.05,0.26,0.05,0.05,0.0,0.0,0.0,0.26,0.0,0.0,0.0,0.05,0.0,1.25,0.0,0.1,0.05,0.05,0.0,0.0,0.0,0.0,0.0,0.0,0.0,73.21,0.0,0.0,0.0,0.0,0.31,0.0,0.0,0.0,0.0,0.0,0.26,0.16,0.0,0.0,0.0,0.0,0.0,0.16,0.05,0.0,0.0,0.0,6.16,0.0,0.0,0.0,0.0,0.0,0.0,0.0,0.26,0.05,0.0,0.0,0.0,0.05,0.0,0.0,0.05,0.1,0.0,0.42,0.0,0.0,0.05,0.0,0.0,0.0,0.0,0.0,0.0,0.0,0.0,0.0,0.0,0.0,0.0,0.0,0.31,0.42,2.4,0.42,0.21,0.0,0.21,0.0,0.0,0.16,0.0,0.05,0.0,0.0,0.0,0.0,0.16,4.86,0.0,0.0,0.0,0.94,1.04,0.0,0.0,0.0,0.05,0.05,0.16,0.37,0.0,0.0,3.81,0.0,0.0,0.0,0.0,0.0,0.0,0.0
Black Creek,24,0.0,1.6,0.0,0.0,2.0,0.11,3.82,0.0,0.0,0.0,0.19,0.0,0.0,0.0,0.0,0.03,1.84,0.0,0.13,0.24,0.05,0.13,0.0,0.0,0.0,0.0,0.03,0.16,62.24,0.0,0.0,0.0,0.0,0.48,0.03,0.03,0.03,0.0,0.03,0.05,0.13,0.05,0.05,0.0,0.0,0.03,0.16,0.72,0.0,0.03,0.08,3.15,0.05,0.0,0.0,0.0,0.99,0.0,0.0,0.08,0.0,0.35,0.0,0.0,0.0,0.03,0.0,0.0,0.08,0.03,0.29,0.03,0.0,0.24,0.0,0.03,0.0,0.0,0.0,0.0,0.0,0.0,0.03,0.0,0.0,0.0,0.03,0.51,0.21,0.45,0.35,0.05,0.0,0.32,0.0,0.0,0.05,0.0,0.0,0.03,0.03,0.0,0.0,1.44,4.65,0.45,0.0,0.0,1.74,2.03,0.03,0.03,0.0,0.05,0.53,0.05,0.37,0.0,0.0,6.44,0.0,0.0,0.0,0.0,0.0,0.0,0.29
Glenfield-Jane Heights,25,0.0,0.66,0.06,0.06,0.38,0.02,0.59,0.02,0.0,0.0,0.21,0.0,0.0,0.0,0.02,0.02,2.86,0.0,0.0,0.13,0.02,0.08,0.0,0.0,0.0,0.0,0.0,0.06,61.36,0.0,0.0,0.0,0.0,0.36,0.0,0.0,0.0,0.0,0.04,0.15,0.57,0.0,0.04,0.0,0.0,0.06,0.13,0.17,0.0,0.06,0.28,7.11,0.0,0.0,0.0,0.0,0.85,0.0,0.0,0.04,0.0,0.17,0.0,0.02,0.0,0.04,0.0,0.0,0.04,0.0,0.32,0.0,0.0,0.36,0.0,0.0,0.0,0.0,0.0,0.0,0.0,0.0,0.02,0.0,0.0,0.0,0.13,0.49,0.19,0.72,0.4,0.06,0.02,0.3,0.0,0.0,0.0,0.0,0.02,0.0,0.02,0.02,0.02,0.64,7.87,0.15,0.0,0.0,1.54,0.93,0.04,0.04,0.0,0.09,0.28,0.02,0.17,0.0,0.0,8.35,0.0,0.0,0.0,0.0,0.0,0.0,0.11
Downsview-Roding-CFB,26,0.0,0.34,0.1,0.07,0.47,0.03,0.2,0.0,0.0,0.02,0.2,0.0,0.0,0.0,0.0,0.0,1.17,0.0,0.15,0.0,0.13,0.05,0.0,0.0,0.0,0.0,0.0,0.0,64.94,0.02,0.02,0.0,0.0,0.24,0.0,0.0,0.0,0.0,0.05,0.2,0.29,0.0,0.0,0.02,0.0,0.07,0.16,0.42,0.0,0.0,0.51,7.49,0.02,0.0,0.0,0.0,0.11,0.0,0.0,0.21,0.16,0.08,0.02,0.0,0.0,0.02,0.0,0.0,0.02,0.0,0.24,0.0,0.0,0.2,0.0,0.0,0.0,0.07,0.0,0.0,0.0,0.0,0.05,0.0,0.0,0.02,0.05,0.34,0.26,1.91,0.15,0.16,0.0,0.44,0.0,0.0,0.02,0.0,0.0,0.02,0.07,0.02,0.02,0.24,7.11,0.05,0.0,0.0,4.84,0.42,0.02,0.02,0.0,0.1,1.08,0.02,0.2,0.0,0.02,3.8,0.0,0.0,0.0,0.02,0.02,0.0,0.08
York University Heights,27,0.0,0.27,0.17,0.02,0.58,0.29,0.17,0.0,0.0,0.0,0.5,0.0,0.04,0.02,0.0,0.08,1.98,0.0,0.08,0.0,0.08,0.02,0.0,0.0,0.0,0.0,0.0,0.06,62.31,0.0,0.0,0.0,0.02,0.46,0.0,0.0,0.0,0.0,0.04,0.15,0.87,0.0,0.02,0.0,0.02,0.04,0.81,0.35,0.0,0.08,0.25,4.14,0.02,0.0,0.0,0.0,0.12,0.0,0.0,1.0,0.08,0.02,0.04,0.0,0.02,0.02,0.0,0.02,0.06,0.0,2.18,0.0,0.02,0.35,0.0,0.0,0.0,0.04,0.0,0.0,0.0,0.0,0.0,0.0,0.0,0.0,0.1,0.94,0.29,0.48,0.73,0.17,0.0,1.41,0.0,0.0,0.04,0.02,0.0,0.02,0.27,0.0,0.02,0.4,3.68,0.08,0.0,0.0,3.26,3.16,0.17,0.04,0.04,0.19,1.95,0.12,1.33,0.0,0.02,2.85,0.0,0.0,0.0,0.02,0.06,0.0,0.19
Rustic,28,0.0,1.05,0.17,0.35,0.35,0.0,0.06,0.0,0.0,0.0,0.12,0.0,0.0,0.0,0.06,0.0,0.7,0.0,0.06,0.0,0.12,0.0,0.0,0.0,0.0,0.0,0.0,0.06,68.76,0.0,0.0,0.0,0.0,0.23,0.0,0.0,0.0,0.0,0.06,0.17,0.29,0.0,0.0,0.12,0.0,0.12,0.12,0.29,0.0,0.0,0.35,7.81,0.0,0.0,0.0,0.0,0.06,0.0,0.0,0.0,0.0,0.06,0.0,0.0,0.0,0.12,0.0,0.06,0.12,0.06,0.06,0.0,0.0,0.12,0.0,0.0,0.0,0.0,0.0,0.06,0.0,0.0,0.17,0.0,0.0,0.0,0.0,0.23,0.06,3.32,0.17,0.06,0.0,0.06,0.0,0.0,0.06,0.0,0.0,0.0,0.0,0.06,0.0,3.73,5.13,0.17,0.0,0.0,1.05,1.05,0.0,0.06,0.0,0.23,0.12,0.06,0.17,0.0,0.0,1.86,0.0,0.0,0.0,0.0,0.0,0.0,0.06
Maple Leaf,29,0.0,0.12,0.17,0.12,0.12,0.0,0.12,0.0,0.0,0.0,0.06,0.0,0.0,0.0,0.06,0.0,0.69,0.0,0.06,0.0,0.06,0.06,0.0,0.0,0.0,0.0,0.0,0.0,62.75,0.0,0.06,0.0,0.0,0.17,0.0,0.0,0.0,0.0,0.12,0.4,2.99,0.0,0.06,0.0,0.06,0.12,0.52,0.17,0.0,0.0,0.75,11.46,0.0,0.0,0.0,0.0,0.06,0.0,0.06,0.12,0.17,0.0,0.0,0.0,0.0,0.0,0.0,0.0,0.12,0.0,0.12,0.06,0.0,0.0,0.0,0.0,0.0,0.06,0.0,0.0,0.0,0.0,0.0,0.0,0.0,0.0,0.0,0.12,0.06,3.91,0.63,0.0,0.0,0.17,0.0,0.0,0.0,0.0,0.0,0.0,0.06,0.06,0.06,0.06,4.38,0.0,0.0,0.0,5.01,0.86,0.06,0.0,0.06,0.17,0.35,0.29,0.35,0.0,0.0,1.38,0.0,0.0,0.0,0.0,0.0,0.0,0.0
Brookhaven-Amesbury,30,0.0,0.45,0.06,0.32,0.26,0.03,0.03,0.0,0.0,0.0,0.64,0.0,0.0,0.0,0.03,0.0,1.51,0.0,0.1,0.0,0.03,0.0,0.0,0.0,0.0,0.03,0.0,0.03,66.23,0.03,0.03,0.0,0.0,0.32,0.03,0.0,0.06,0.03,0.0,0.16,0.77,0.0,0.0,0.0,0.0,0.0,0.22,0.22,0.0,0.0,0.16,2.85,0.0,0.0,0.0,0.0,0.03,0.0,0.0,0.19,0.06,0.06,0.0,0.0,0.0,0.03,0.0,0.0,0.03,0.03,0.32,0.0,0.0,0.19,0.0,0.0,0.0,0.03,0.0,0.0,0.0,0.0,0.03,0.0,0.0,0.0,0.0,0.32,0.51,5.25,0.1,0.03,0.0,0.22,0.0,0.0,0.06,0.03,0.0,0.03,0.1,0.03,0.0,1.12,6.92,0.1,0.0,0.0,2.4,0.96,0.0,0.03,0.0,0.32,0.54,0.03,0.54,0.0,0.03,4.55,0.0,0.0,0.0,0.03,0.0,0.0,0.03
Yorkdale-Glen Park,31,0.0,0.04,0.28,0.08,0.16,0.08,0.0,0.0,0.0,0.0,0.16,0.0,0.0,0.04,0.0,0.0,2.48,0.0,0.16,0.0,0.04,0.04,0.0,0.0,0.0,0.0,0.0,0.0,66.91,0.0,0.0,0.0,0.0,0.44,0.0,0.0,0.0,0.0,0.04,0.4,0.2,0.0,0.04,0.04,0.04,0.08,0.2,0.4,0.0,0.0,0.2,9.33,0.16,0.0,0.0,0.0,0.04,0.0,0.0,0.36,0.08,0.08,0.0,0.0,0.0,0.12,0.0,0.0,0.0,0.0,1.36,0.0,0.0,0.08,0.0,0.0,0.0,0.04,0.0,0.0,0.0,0.0,0.12,0.0,0.0,0.0,0.04,0.2,0.2,4.09,0.48,0.32,0.0,0.48,0.0,0.0,0.16,0.08,0.0,0.0,0.0,0.0,0.04,0.16,3.17,0.0,0.0,0.0,2.88,0.4,0.08,0.0,0.0,0.2,0.28,0.08,0.24,0.0,0.0,2.08,0.0,0.0,0.0,0.0,0.0,0.0,0.0
Englemount-Lawrence,32,0.0,0.15,0.28,0.15,0.18,0.1,0.03,0.03,0.0,0.0,0.08,0.03,0.0,0.0,0.05,0.0,0.38,0.0,0.15,0.0,0.03,0.0,0.0,0.0,0.0,0.0,0.0,0.03,78.68,0.0,0.0,0.0,0.0,0.28,0.0,0.0,0.0,0.05,0.08,0.36,0.05,0.0,0.03,0.03,0.28,0.08,0.08,0.74,0.0,0.0,0.59,0.94,0.05,0.0,0.0,0.0,0.03,0.0,0.0,0.36,0.03,0.03,0.0,0.0,0.0,0.0,0.0,0.03,0.03,0.0,0.54,0.03,0.0,0.0,0.0,0.03,0.0,0.05,0.0,0.0,0.0,0.0,0.15,0.0,0.05,0.0,0.13,0.59,0.15,0.87,0.0,0.28,0.0,1.94,0.0,0.0,0.2,0.05,0.03,0.0,0.0,0.03,0.0,0.69,1.61,0.15,0.0,0.0,6.5,0.13,0.03,0.03,0.03,0.1,0.1,0.08,0.05,0.0,0.0,0.31,0.0,0.03,0.0,0.0,0.03,0.64,0.0
Clanton Park,33,0.0,0.0,0.07,0.03,0.24,0.14,0.0,0.07,0.0,0.0,0.14,0.03,0.0,0.0,0.17,0.03,0.58,0.0,0.24,0.0,0.0,0.0,0.0,0.0,0.0,0.0,0.0,0.0,75.76,0.0,0.0,0.0,0.0,0.54,0.0,0.0,0.0,0.03,0.07,0.68,0.1,0.0,0.0,0.0,0.85,0.1,0.1,0.58,0.0,0.0,0.68,1.7,0.07,0.0,0.0,0.0,0.0,0.0,0.0,1.06,0.1,0.0,0.0,0.0,0.03,0.0,0.0,0.0,0.0,0.0,0.92,0.0,0.0,0.0,0.0,0.0,0.0,0.0,0.0,0.0,0.0,0.0,0.0,0.0,0.07,0.0,0.0,0.61,0.17,0.44,0.07,0.2,0.0,3.51,0.0,0.0,0.17,0.0,0.0,0.0,0.0,0.03,0.0,0.03,1.33,0.0,0.0,0.0,6.78,0.14,0.03,0.0,0.2,0.03,0.34,0.14,0.07,0.0,0.0,0.41,0.0,0.0,0.0,0.0,0.07,0.03,0.0
Bathurst Manor,34,0.0,0.0,0.11,0.0,0.32,0.14,0.0,0.11,0.0,0.0,0.11,0.0,0.0,0.04,0.36,0.0,0.39,0.0,0.28,0.0,0.0,0.0,0.0,0.0,0.0,0.0,0.0,0.0,67.78,0.0,0.04,0.0,0.0,0.43,0.0,0.0,0.0,0.36,0.04,1.0,0.39,0.0,0.0,0.0,0.82,0.07,0.14,0.36,0.0,0.0,0.36,2.24,0.04,0.0,0.0,0.0,0.0,0.04,0.0,1.42,0.21,0.0,0.0,0.0,0.07,0.04,0.0,0.0,0.04,0.0,1.5,0.0,0.0,0.04,0.0,0.0,0.0,0.0,0.0,0.0,0.0,0.0,0.0,0.0,0.07,0.0,0.0,1.17,0.14,0.75,0.11,0.36,0.0,8.44,0.0,0.0,0.46,0.04,0.0,0.0,0.0,0.04,0.0,0.0,2.35,0.0,0.0,0.0,4.45,0.18,0.0,0.0,0.04,0.04,1.35,0.36,0.07,0.0,0.0,0.25,0.0,0.0,0.0,0.0,0.04,0.07,0.0
Westminster-Branson,35,0.0,0.0,0.18,0.02,0.32,0.43,0.02,0.23,0.0,0.02,0.16,0.0,0.0,0.02,0.32,0.02,0.72,0.0,0.25,0.0,0.0,0.16,0.0,0.0,0.0,0.0,0.0,0.0,48.97,0.0,0.0,0.0,0.0,0.54,0.0,0.0,0.0,1.17,0.05,0.09,0.2,0.0,0.0,0.0,1.08,0.09,0.16,0.5,0.0,0.0,1.04,0.16,0.02,0.0,0.0,0.0,0.0,0.0,0.0,2.84,0.07,0.0,0.02,0.0,0.09,0.05,0.0,0.05,0.02,0.0,1.15,0.0,0.0,0.02,0.0,0.02,0.0,0.11,0.0,0.0,0.0,0.0,0.0,0.0,0.0,0.0,0.07,2.46,0.34,0.16,0.02,0.9,0.0,20.81,0.0,0.0,0.43,0.0,0.0,0.09,0.0,0.02,0.0,0.0,1.69,0.0,0.0,0.0,9.61,0.16,0.05,0.02,0.0,0.0,0.32,0.65,0.2,0.0,0.25,0.14,0.0,0.0,0.0,0.0,0.0,0.23,0.02
Newtonbrook West,36,0.0,0.0,0.1,0.02,0.42,0.17,0.0,0.22,0.0,0.02,0.1,0.0,0.02,0.0,0.15,0.0,2.05,0.0,0.17,0.0,0.0,0.02,0.0,0.0,0.0,0.0,0.0,0.0,48.36,0.0,0.0,0.0,0.05,0.24,0.0,0.0,0.0,0.59,0.02,0.24,0.15,0.0,0.0,0.0,0.83,0.1,0.1,0.24,0.0,0.0,0.68,1.15,0.17,0.0,0.0,0.0,0.0,0.0,0.0,7.82,0.07,0.0,0.02,0.0,0.07,0.05,0.0,0.05,0.05,0.0,5.3,0.0,0.0,0.34,0.0,0.05,0.0,0.1,0.0,0.0,0.0,0.02,0.0,0.0,0.05,0.02,0.02,7.21,0.27,0.27,0.05,0.49,0.0,9.92,0.02,0.0,0.2,0.0,0.02,0.02,0.0,0.0,0.05,0.0,1.12,0.0,0.0,0.0,8.11,0.17,0.05,0.0,0.02,0.02,0.29,0.42,0.24,0.0,0.12,0.34,0.0,0.0,0.0,0.0,0.1,0.02,0.0
Willowdale West,37,0.0,0.03,0.03,0.0,0.56,0.23,0.0,0.07,0.0,0.0,0.26,0.0,0.0,0.03,0.13,0.0,3.88,0.03,0.0,0.0,0.07,0.0,0.0,0.0,0.0,0.0,0.07,0.0,56.78,0.03,0.0,0.0,0.03,0.3,0.0,0.0,0.0,0.2,0.13,0.16,0.07,0.0,0.1,0.0,0.23,0.03,0.23,0.26,0.0,0.0,0.03,0.59,0.46,0.0,0.0,0.0,0.0,0.0,0.0,8.51,0.0,0.0,0.03,0.0,0.0,0.03,0.0,0.1,0.03,0.0,9.36,0.0,0.0,0.33,0.0,0.0,0.0,0.03,0.0,0.0,0.0,0.0,0.0,0.0,0.0,0.0,0.0,8.97,0.23,0.33,0.07,0.36,0.0,3.94,0.0,0.0,0.36,0.03,0.0,0.0,0.0,0.03,0.03,0.03,0.89,0.0,0.0,0.0,0.39,0.03,0.07,0.03,0.0,0.03,0.16,0.13,0.16,0.0,0.0,0.1,0.0,0.0,0.0,0.0,0.16,0.0,0.0
Lansing-Westgate,38,0.0,0.0,0.03,0.0,0.6,0.1,0.0,0.03,0.0,0.0,0.17,0.0,0.0,0.0,0.37,0.0,1.64,0.0,0.1,0.03,0.07,0.03,0.0,0.0,0.0,0.0,0.0,0.0,72.54,0.0,0.0,0.0,0.03,0.4,0.0,0.0,0.0,0.13,0.13,0.2,0.0,0.0,0.07,0.0,0.23,0.0,0.3,0.23,0.0,0.0,0.13,0.07,0.2,0.0,0.03,0.0,0.0,0.0,0.0,3.83,0.0,0.0,0.03,0.0,0.03,0.07,0.0,0.03,0.03,0.0,3.63,0.03,0.0,0.07,0.0,0.03,0.0,0.0,0.03,0.0,0.0,0.0,0.0,0.0,0.0,0.0,0.03,4.6,0.2,0.54,0.0,0.47,0.0,3.39,0.0,0.0,0.23,0.0,0.0,0.03,0.0,0.0,0.0,0.0,1.44,0.0,0.0,0.07,2.35,0.13,0.1,0.0,0.0,0.0,0.1,0.23,0.1,0.0,0.03,0.07,0.0,0.03,0.0,0.0,0.07,0.03,0.0
Bedford Park-Nortown,39,0.0,0.0,0.14,0.0,0.09,0.05,0.0,0.0,0.0,0.0,0.0,0.0,0.0,0.0,0.0,0.0,0.48,0.0,0.05,0.0,0.05,0.0,0.0,0.0,0.0,0.0,0.02,0.0,89.64,0.0,0.0,0.0,0.02,0.62,0.0,0.0,0.0,0.02,0.18,0.34,0.02,0.0,0.0,0.0,0.27,0.05,0.02,0.21,0.0,0.0,0.07,0.39,0.07,0.0,0.0,0.0,0.0,0.0,0.0,0.37,0.02,0.0,0.0,0.0,0.02,0.05,0.0,0.0,0.0,0.0,0.91,0.0,0.0,0.05,0.0,0.0,0.0,0.0,0.0,0.0,0.0,0.0,0.0,0.0,0.0,0.0,0.02,1.03,0.11,0.14,0.02,0.21,0.0,0.64,0.0,0.0,0.16,0.0,0.0,0.02,0.02,0.0,0.0,0.0,0.75,0.0,0.0,0.0,2.12,0.02,0.0,0.0,0.0,0.0,0.14,0.02,0.02,0.0,0.02,0.0,0.0,0.0,0.02,0.0,0.0,0.3,0.0
St.Andrew-Windfields,40,0.0,0.0,0.18,0.06,0.46,0.37,0.0,0.0,0.0,0.0,0.34,0.0,0.0,0.03,0.06,0.0,4.32,0.03,0.0,0.0,0.03,0.0,0.0,0.0,0.0,0.0,0.06,0.0,69.53,0.06,0.0,0.0,0.03,0.64,0.0,0.0,0.0,0.0,0.12,0.21,0.06,0.0,0.0,0.0,0.09,0.06,0.09,0.18,0.0,0.0,0.06,0.18,0.31,0.0,0.0,0.0,0.0,0.0,0.0,2.91,0.0,0.0,0.0,0.0,0.0,0.06,0.0,0.0,0.0,0.0,8.54,0.0,0.0,0.12,0.0,0.0,0.0,0.0,0.0,0.0,0.0,0.0,0.0,0.0,0.0,0.0,0.0,4.65,0.12,0.18,0.06,0.89,0.0,0.98,0.0,0.0,0.37,0.0,0.03,0.0,0.09,0.0,0.0,0.0,1.59,0.0,0.0,0.0,0.52,0.15,0.09,0.0,0.0,0.0,0.64,0.0,0.24,0.0,0.0,0.06,0.0,0.0,0.0,0.0,0.09,0.0,0.0
Bridle Path-Sunnybrook-York Mills,41,0.0,0.0,0.0,0.0,0.17,0.29,0.0,0.06,0.0,0.0,0.0,0.0,0.0,0.0,0.0,0.0,2.45,0.0,0.0,0.0,0.06,0.06,0.0,0.0,0.0,0.0,0.06,0.0,83.51,0.06,0.0,0.0,0.0,1.37,0.0,0.0,0.0,0.0,0.23,0.23,0.11,0.0,0.0,0.0,0.11,0.0,0.06,0.06,0.0,0.0,0.0,0.0,0.11,0.0,0.0,0.0,0.0,0.0,0.0,1.03,0.0,0.0,0.0,0.0,0.0,0.0,0.0,0.0,0.0,0.0,4.51,0.0,0.0,0.17,0.0,0.0,0.0,0.0,0.0,0.0,0.0,0.0,0.0,0.0,0.0,0.0,0.0,2.45,0.0,0.34,0.06,0.06,0.0,0.91,0.0,0.0,0.34,0.0,0.0,0.06,0.0,0.0,0.0,0.0,0.63,0.0,0.0,0.11,0.0,0.0,0.0,0.0,0.0,0.0,0.29,0.0,0.0,0.0,0.0,0.0,0.0,0.0,0.0,0.0,0.06,0.0,0.0
Banbury-Don Mills,42,0.02,0.0,0.26,0.1,0.76,0.38,0.0,0.0,0.0,0.0,0.22,0.0,0.0,0.0,0.26,0.0,3.15,0.0,0.02,0.0,0.04,0.04,0.0,0.0,0.0,0.0,0.0,0.0,74.92,0.12,0.0,0.0,0.02,0.8,0.02,0.0,0.0,0.0,0.12,0.5,0.52,0.0,0.02,0.02,0.06,0.02,0.28,0.3,0.0,0.0,0.02,0.08,0.22,0.0,0.0,0.0,0.0,0.0,0.02,1.13,0.06,0.0,0.06,0.0,0.0,0.18,0.0,0.0,0.02,0.0,5.49,0.04,0.0,0.08,0.0,0.0,0.0,0.0,0.0,0.0,0.0,0.0,0.0,0.0,0.0,0.0,0.0,2.29,0.28,0.18,0.04,1.02,0.02,0.78,0.0,0.0,1.0,0.08,0.0,0.22,0.0,0.08,0.0,0.0,0.9,0.0,0.0,0.0,1.17,0.28,0.1,0.02,0.0,0.0,0.36,0.1,0.52,0.02,0.0,0.06,0.0,0.0,0.0,0.0,0.06,0.0,0.0
Victoria Village,43,0.0,0.0,0.23,0.33,4.03,0.8,0.0,0.03,0.0,0.0,0.87,0.0,0.0,0.0,0.5,0.0,1.23,0.0,0.03,0.0,0.03,0.0,0.0,0.0,0.0,0.0,0.0,0.0,68.39,0.07,0.0,0.0,0.0,1.3,0.0,0.0,0.0,0.0,0.1,2.5,1.4,0.0,0.03,0.0,0.0,0.07,0.53,0.17,0.0,0.0,0.03,0.47,0.17,0.0,0.0,0.0,0.0,0.0,0.0,0.43,0.27,0.0,0.07,0.0,0.0,0.47,0.0,0.03,0.1,0.0,1.4,0.0,0.0,0.07,0.0,0.0,0.0,0.07,0.0,0.0,0.0,0.0,0.0,0.0,0.03,0.0,0.13,2.3,0.1,0.1,0.17,0.3,0.07,0.47,0.0,0.0,0.33,0.03,0.07,0.97,0.13,0.0,0.03,0.07,1.57,0.07,0.0,0.0,2.5,1.47,0.23,0.0,0.1,0.07,0.57,0.0,1.67,0.0,0.0,0.17,0.0,0.0,0.0,0.0,0.07,0.0,0.0
Flemingdon Park,44,0.0,0.03,0.14,0.49,1.75,0.16,0.0,0.03,0.0,0.0,2.28,0.0,0.0,0.08,0.3,0.0,1.7,0.0,0.08,0.0,0.03,0.14,0.03,0.0,0.0,0.0,0.03,0.0,49.03,0.03,0.0,0.0,0.0,0.82,0.03,0.0,0.0,0.0,0.05,2.06,4.28,0.0,0.0,0.05,0.0,0.08,1.43,0.27,0.0,0.03,0.22,0.05,0.19,0.0,0.08,0.0,0.0,0.03,0.0,0.9,0.05,0.0,0.05,0.03,0.0,0.16,0.0,0.08,0.08,0.0,2.0,0.03,0.0,0.03,0.0,0.0,0.0,0.0,0.0,0.0,0.0,0.03,0.05,0.0,0.0,0.0,1.78,5.48,0.08,0.08,0.27,0.47,0.0,1.01,0.0,0.0,0.33,0.03,0.05,0.69,0.19,3.26,0.0,0.41,1.34,0.08,0.0,0.0,3.87,3.18,0.27,0.03,0.03,0.44,0.9,0.08,5.57,0.14,0.11,0.22,0.0,0.0,0.0,0.0,0.08,0.0,0.0
Parkwoods-Donalda,45,0.0,0.03,0.15,0.06,2.21,1.5,0.02,0.0,0.0,0.0,0.92,0.0,0.0,0.02,0.31,0.0,1.61,0.0,0.03,0.0,0.05,0.06,0.0,0.0,0.0,0.0,0.02,0.0,71.62,0.03,0.0,0.0,0.08,0.98,0.0,0.0,0.02,0.03,0.05,0.77,0.24,0.02,0.02,0.05,0.0,0.03,0.18,0.45,0.0,0.0,0.08,0.19,0.16,0.0,0.0,0.0,0.0,0.0,0.02,1.06,0.23,0.0,0.05,0.0,0.03,0.11,0.0,0.06,0.08,0.02,2.88,0.0,0.0,0.05,0.0,0.02,0.0,0.03,0.0,0.0,0.02,0.0,0.0,0.0,0.0,0.0,0.1,2.67,0.4,0.19,0.1,1.53,0.03,0.76,0.0,0.0,0.4,0.03,0.02,0.03,0.15,0.06,0.0,0.08,2.14,0.05,0.0,0.0,1.93,0.63,0.1,0.02,0.02,0.1,0.37,0.02,1.21,0.02,0.0,0.18,0.0,0.0,0.0,0.0,0.02,0.0,0.02
Pleasant View,46,0.0,0.0,0.07,0.0,1.54,1.79,0.04,0.0,0.0,0.0,0.18,0.0,0.0,0.0,0.07,0.04,6.87,0.0,0.04,0.04,0.0,0.04,0.0,0.0,0.0,0.0,0.0,0.0,51.06,0.0,0.0,0.0,0.0,0.47,0.0,0.0,0.0,0.07,0.04,2.97,0.43,0.0,0.11,0.0,0.0,0.11,0.21,0.29,0.0,0.0,0.04,2.4,0.14,0.0,0.0,0.0,0.0,0.0,0.07,0.97,0.0,0.0,0.0,0.0,0.0,0.57,0.0,0.04,0.11,0.04,20.36,0.04,0.0,0.29,0.0,0.0,0.0,0.0,0.0,0.0,0.0,0.0,0.0,0.0,0.0,0.0,0.04,1.93,0.14,0.5,0.21,0.68,0.0,0.75,0.0,0.0,0.29,0.07,0.0,0.04,0.11,0.0,0.11,0.04,0.68,0.0,0.0,0.0,1.14,0.75,0.04,0.0,0.0,0.0,0.14,0.04,0.57,0.0,0.0,0.18,0.0,0.0,0.0,0.0,0.07,0.0,0.0
Don Valley Village,47,0.0,0.02,0.32,0.04,1.79,1.72,0.0,0.13,0.0,0.0,0.62,0.0,0.0,0.02,0.11,0.0,6.31,0.0,0.17,0.0,0.06,0.04,0.0,0.02,0.0,0.0,0.0,0.0,50.25,0.06,0.0,0.0,0.04,0.62,0.0,0.0,0.0,0.0,0.11,0.52,0.56,0.0,0.04,0.04,0.02,0.02,0.47,0.28,0.0,0.0,0.09,0.06,0.19,0.0,0.02,0.0,0.02,0.0,0.0,2.5,0.37,0.0,0.0,0.0,0.0,0.06,0.0,0.11,0.09,0.02,12.72,0.11,0.0,0.22,0.0,0.0,0.0,0.0,0.0,0.0,0.0,0.02,0.0,0.0,0.0,0.0,0.11,6.95,0.19,0.17,0.26,1.53,0.0,1.64,0.0,0.02,0.39,0.0,0.0,0.09,0.09,0.06,0.0,0.04,1.85,0.0,0.0,0.02,3.06,0.8,0.17,0.02,0.04,0.04,0.45,0.15,0.52,0.0,0.06,0.06,0.0,0.0,0.0,0.0,0.15,0.0,0.02
Hillcrest Village,48,0.0,0.1,0.07,0.0,0.6,0.46,0.0,0.0,0.0,0.0,0.13,0.0,0.0,0.0,0.1,0.03,15.24,0.0,0.0,0.0,0.03,0.07,0.0,0.0,0.0,0.0,0.0,0.0,48.13,0.0,0.0,0.0,0.07,0.46,0.0,0.0,0.0,0.0,0.1,0.2,0.43,0.0,0.07,0.0,0.03,0.0,0.23,0.2,0.0,0.0,0.03,0.03,0.3,0.0,0.0,0.0,0.0,0.0,0.0,2.45,0.0,0.03,0.03,0.0,0.0,0.07,0.0,0.07,0.03,0.0,21.13,0.1,0.0,0.3,0.0,0.0,0.0,0.03,0.0,0.0,0.0,0.0,0.0,0.0,0.0,0.0,0.0,2.95,0.17,0.17,0.17,0.83,0.0,0.76,0.0,0.0,0.2,0.07,0.0,0.1,0.17,0.1,0.0,0.07,0.83,0.03,0.0,0.0,0.46,0.46,0.0,0.0,0.0,0.03,0.2,0.03,0.43,0.0,0.0,0.07,0.0,0.0,0.0,0.0,0.33,0.0,0.03
Bayview Woods-Steeles,49,0.0,0.04,0.09,0.0,0.39,0.43,0.0,0.09,0.0,0.04,0.13,0.0,0.0,0.0,0.0,0.04,9.61,0.0,0.0,0.0,0.09,0.0,0.0,0.0,0.0,0.0,0.04,0.0,56.59,0.04,0.0,0.0,0.0,0.61,0.0,0.0,0.0,0.0,0.09,0.39,0.13,0.0,0.0,0.0,0.04,0.04,0.13,0.26,0.0,0.0,0.04,0.43,0.09,0.0,0.0,0.0,0.0,0.0,0.0,4.09,0.04,0.0,0.04,0.0,0.0,0.13,0.0,0.09,0.0,0.0,13.61,0.04,0.0,0.3,0.0,0.0,0.0,0.0,0.0,0.0,0.0,0.0,0.0,0.0,0.0,0.0,0.09,6.35,0.13,0.13,0.04,0.74,0.0,1.35,0.0,0.0,0.26,0.04,0.0,0.04,0.04,0.0,0.0,0.04,0.57,0.04,0.0,0.0,0.26,0.3,0.09,0.0,0.0,0.0,0.26,0.0,0.3,0.0,0.0,0.3,0.0,0.0,0.0,0.0,0.35,0.0,0.0
Newtonbrook East,50,0.0,0.0,0.04,0.04,0.76,0.18,0.0,0.04,0.0,0.0,0.29,0.0,0.0,0.0,0.0,0.04,8.83,0.0,0.04,0.0,0.0,0.04,0.0,0.0,0.0,0.0,0.04,0.0,46.27,0.04,0.0,0.0,0.0,0.29,0.0,0.0,0.0,0.07,0.11,0.4,0.04,0.0,0.04,0.0,0.11,0.07,0.47,0.18,0.0,0.0,0.04,0.91,0.11,0.0,0.04,0.0,0.0,0.0,0.0,9.34,0.14,0.0,0.0,0.0,0.0,0.18,0.0,0.14,0.07,0.0,11.8,0.04,0.0,0.36,0.0,0.0,0.0,0.0,0.0,0.0,0.0,0.0,0.0,0.0,0.0,0.0,0.0,12.56,0.11,0.29,0.0,0.25,0.0,1.59,0.0,0.0,0.14,0.0,0.0,0.0,0.0,0.0,0.0,0.0,0.76,0.0,0.0,0.0,1.48,0.18,0.11,0.0,0.0,0.0,0.22,0.11,0.25,0.0,0.0,0.14,0.0,0.0,0.0,0.0,0.18,0.04,0.0
Willowdale East,51,0.0,0.02,0.03,0.01,1.36,0.23,0.01,0.09,0.0,0.0,0.28,0.0,0.0,0.01,0.09,0.0,7.15,0.0,0.01,0.0,0.03,0.0,0.0,0.0,0.0,0.0,0.02,0.0,48.72,0.01,0.01,0.0,0.01,0.53,0.0,0.0,0.0,0.01,0.02,0.07,0.1,0.0,0.02,0.0,0.07,0.0,0.32,0.11,0.0,0.0,0.01,0.13,0.75,0.0,0.04,0.0,0.0,0.0,0.0,7.66,0.04,0.0,0.06,0.0,0.0,0.02,0.0,0.08,0.1,0.0,14.99,0.09,0.0,0.39,0.0,0.02,0.0,0.0,0.0,0.0,0.0,0.0,0.01,0.0,0.0,0.0,0.01,10.65,0.08,0.45,0.04,0.25,0.0,1.75,0.0,0.0,0.16,0.03,0.0,0.02,0.01,0.0,0.0,0.02,1.06,0.0,0.0,0.0,0.35,0.31,0.13,0.03,0.01,0.02,0.2,0.06,0.25,0.0,0.0,0.16,0.0,0.0,0.0,0.0,0.19,0.0,0.0
Bayview Village,52,0.0,0.03,0.13,0.03,0.83,0.52,0.03,0.0,0.0,0.03,0.16,0.0,0.0,0.0,0.1,0.0,7.3,0.03,0.03,0.0,0.03,0.0,0.0,0.0,0.0,0.0,0.0,0.0,57.12,0.03,0.0,0.0,0.03,0.63,0.0,0.0,0.0,0.0,0.05,0.08,0.18,0.0,0.03,0.0,0.05,0.0,0.23,0.16,0.0,0.0,0.05,0.1,0.42,0.0,0.03,0.0,0.03,0.0,0.0,5.68,0.05,0.0,0.03,0.0,0.0,0.08,0.0,0.13,0.08,0.0,9.93,0.03,0.0,0.26,0.0,0.03,0.0,0.05,0.0,0.0,0.0,0.0,0.0,0.0,0.0,0.0,0.08,9.05,0.08,0.34,0.03,0.86,0.0,1.02,0.0,0.0,0.21,0.03,0.03,0.03,0.0,0.0,0.03,0.0,1.54,0.1,0.0,0.0,0.78,0.18,0.03,0.03,0.0,0.03,0.26,0.03,0.18,0.0,0.03,0.16,0.0,0.0,0.0,0.0,0.13,0.0,0.0
Henry Farm,53,0.0,0.04,0.04,0.11,3.71,0.49,0.04,0.08,0.0,0.0,1.13,0.0,0.0,0.0,0.04,0.04,3.37,0.0,0.11,0.0,0.04,0.0,0.0,0.0,0.0,0.0,0.04,0.0,53.52,0.04,0.0,0.0,0.0,0.68,0.0,0.0,0.0,0.0,0.08,0.26,0.72,0.0,0.08,0.0,0.04,0.04,1.29,0.15,0.0,0.0,0.11,0.08,0.23,0.0,0.04,0.0,0.0,0.0,0.04,2.12,0.26,0.0,0.0,0.0,0.0,0.04,0.0,0.15,0.57,0.0,10.4,0.3,0.0,0.0,0.0,0.0,0.0,0.04,0.0,0.0,0.0,0.08,0.0,0.0,0.04,0.0,0.23,6.05,0.08,0.45,0.19,0.68,0.04,1.4,0.0,0.0,0.15,0.0,0.0,0.11,0.15,0.0,0.0,0.11,1.66,0.04,0.0,0.0,2.72,1.32,1.59,0.0,0.08,0.08,0.15,0.08,1.78,0.0,0.0,0.04,0.0,0.0,0.0,0.0,0.19,0.0,0.0
O'Connor-Parkview,54,0.03,0.0,0.38,0.38,0.41,0.09,0.03,0.03,0.0,0.0,1.4,0.0,0.0,0.06,0.35,0.0,0.79,0.0,0.09,0.0,0.23,0.09,0.0,0.0,0.0,0.0,0.0,0.0,79.8,0.03,0.0,0.0,0.0,0.76,0.0,0.0,0.0,0.0,0.12,2.3,0.17,0.0,0.06,0.0,0.06,0.03,0.12,0.9,0.0,0.0,0.0,0.26,0.23,0.0,0.0,0.0,0.0,0.0,0.0,0.23,0.03,0.0,0.03,0.03,0.0,0.55,0.0,0.0,0.0,0.0,0.47,0.0,0.0,0.03,0.0,0.0,0.0,0.06,0.0,0.0,0.0,0.03,0.06,0.0,0.0,0.03,0.17,1.25,0.12,0.2,0.15,0.17,0.03,0.32,0.0,0.0,0.44,0.06,0.0,0.15,0.0,0.47,0.0,0.0,0.81,0.03,0.0,0.03,2.1,0.79,0.06,0.03,0.03,0.23,0.17,0.06,1.16,0.0,0.0,0.23,0.0,0.0,0.0,0.0,0.0,0.0,0.03
Thorncliffe Park,55,0.0,0.0,0.47,0.23,3.54,0.03,0.0,0.0,0.0,0.0,1.58,0.0,0.0,0.0,0.15,0.03,0.59,0.0,0.03,0.0,0.0,0.09,0.0,0.0,0.0,0.0,0.0,0.0,42.48,0.03,0.0,0.0,0.0,0.38,0.0,0.0,0.06,0.0,0.03,1.35,3.51,0.0,0.0,0.06,0.03,0.06,0.94,0.38,0.0,0.0,0.09,0.03,0.03,0.0,0.03,0.0,0.0,0.0,0.0,0.35,0.2,0.0,0.0,0.0,0.0,0.12,0.0,0.06,0.0,0.0,0.41,0.03,0.0,0.03,0.0,0.0,0.0,0.09,0.0,0.0,0.0,0.0,0.06,0.0,0.03,0.0,4.77,4.65,0.18,0.32,1.26,0.29,0.0,0.35,0.0,0.0,0.23,0.0,0.0,0.79,0.06,1.61,0.0,0.03,1.38,0.12,0.0,0.0,2.72,0.99,0.09,0.0,0.0,0.29,0.99,0.03,21.12,0.0,0.06,0.06,0.0,0.0,0.0,0.0,0.03,0.0,0.0
Leaside-Bennington,56,0.0,0.0,0.09,0.0,0.15,0.06,0.03,0.0,0.0,0.0,0.06,0.0,0.0,0.0,0.09,0.0,0.46,0.0,0.0,0.0,0.0,0.09,0.0,0.0,0.0,0.0,0.03,0.0,94.11,0.03,0.0,0.0,0.03,0.71,0.0,0.0,0.0,0.0,0.03,0.25,0.0,0.0,0.0,0.0,0.0,0.03,0.0,0.15,0.0,0.0,0.0,0.09,0.12,0.0,0.0,0.0,0.0,0.0,0.0,0.21,0.0,0.0,0.03,0.0,0.0,0.0,0.0,0.06,0.0,0.0,0.43,0.03,0.0,0.03,0.0,0.03,0.0,0.0,0.03,0.0,0.0,0.0,0.0,0.0,0.0,0.0,0.0,0.52,0.03,0.15,0.03,0.06,0.0,0.31,0.0,0.0,0.34,0.0,0.0,0.0,0.03,0.0,0.0,0.0,0.55,0.0,0.0,0.0,0.21,0.0,0.0,0.0,0.0,0.0,0.09,0.03,0.06,0.0,0.0,0.03,0.0,0.0,0.0,0.0,0.03,0.03,0.0
Broadview North,57,0.0,0.0,1.69,0.1,0.29,0.0,0.05,0.0,0.0,0.0,0.15,0.0,0.0,0.0,1.26,0.15,1.06,0.0,0.1,0.0,0.15,0.15,0.0,0.0,0.0,0.0,0.0,0.0,76.86,0.15,0.0,0.0,0.0,0.82,0.0,0.0,0.0,0.0,0.15,6.0,0.1,0.0,0.0,0.0,0.0,0.0,0.19,0.1,0.0,0.0,0.05,0.1,0.19,0.0,0.0,0.0,0.0,0.0,0.0,0.19,0.0,0.0,0.0,0.0,0.0,0.53,0.0,0.0,0.0,0.0,0.44,0.05,0.0,0.05,0.0,0.0,0.0,0.05,0.0,0.0,0.0,0.0,0.0,0.0,0.0,0.0,0.05,0.34,0.19,0.19,0.0,0.29,0.0,0.34,0.0,0.0,2.66,0.1,0.0,0.0,0.15,0.19,0.0,0.05,1.21,0.0,0.0,0.0,1.36,0.19,0.15,0.0,0.1,0.05,0.73,0.0,0.29,0.0,0.0,0.15,0.0,0.05,0.0,0.0,0.05,0.0,0.0
Old East York,58,0.0,0.0,0.58,0.0,0.17,0.0,0.0,0.0,0.0,0.0,0.06,0.0,0.0,0.06,0.29,0.17,1.69,0.0,0.12,0.0,0.12,0.0,0.0,0.0,0.0,0.0,0.0,0.0,84.4,0.12,0.0,0.0,0.0,0.35,0.0,0.0,0.0,0.0,0.12,5.18,0.06,0.0,0.0,0.0,0.0,0.0,0.12,0.06,0.0,0.0,0.0,0.52,0.12,0.0,0.0,0.0,0.0,0.0,0.0,0.12,0.06,0.0,0.0,0.0,0.0,0.29,0.0,0.06,0.0,0.0,0.52,0.06,0.0,0.0,0.0,0.0,0.0,0.0,0.0,0.0,0.0,0.0,0.0,0.0,0.0,0.0,0.06,0.23,0.12,0.23,0.17,0.0,0.0,0.12,0.0,0.0,0.7,0.0,0.0,0.0,0.0,0.0,0.0,0.0,0.58,0.0,0.0,0.0,0.99,0.0,0.0,0.0,0.0,0.0,0.23,0.0,0.76,0.0,0.0,0.41,0.0,0.0,0.0,0.0,0.0,0.0,0.0
Danforth East York,59,0.0,0.03,0.44,0.06,0.16,0.0,0.0,0.0,0.0,0.0,0.12,0.0,0.0,0.0,0.5,0.06,2.96,0.0,0.0,0.0,0.0,0.06,0.0,0.0,0.0,0.0,0.0,0.0,81.44,0.0,0.0,0.0,0.0,1.18,0.0,0.0,0.0,0.0,0.03,4.83,0.59,0.0,0.0,0.0,0.0,0.0,0.22,0.06,0.0,0.0,0.0,1.18,0.19,0.0,0.0,0.0,0.0,0.0,0.0,0.22,0.0,0.0,0.03,0.0,0.0,0.47,0.0,0.0,0.0,0.0,0.78,0.0,0.0,0.06,0.0,0.0,0.0,0.0,0.0,0.0,0.0,0.0,0.0,0.0,0.0,0.0,0.16,0.22,0.03,0.34,0.19,0.12,0.0,0.34,0.0,0.0,0.5,0.03,0.0,0.0,0.0,0.0,0.0,0.03,0.53,0.0,0.0,0.0,0.81,0.19,0.0,0.03,0.0,0.0,0.06,0.03,0.53,0.0,0.0,0.12,0.0,0.0,0.03,0.0,0.03,0.0,0.0
Woodbine-Lumsden,60,0.0,0.0,0.07,0.07,0.13,0.0,0.0,0.0,0.0,0.0,0.47,0.0,0.0,0.0,0.34,0.07,2.96,0.0,0.0,0.0,0.07,0.0,0.0,0.0,0.0,0.0,0.0,0.0,85.45,0.0,0.0,0.0,0.0,0.88,0.0,0.0,0.0,0.0,0.0,1.41,0.0,0.0,0.13,0.0,0.0,0.0,0.0,0.34,0.0,0.0,0.07,0.81,0.27,0.0,0.0,0.0,0.0,0.0,0.0,0.2,0.0,0.0,0.0,0.0,0.07,0.27,0.0,0.0,0.0,0.0,1.55,0.0,0.0,0.0,0.0,0.0,0.0,0.0,0.0,0.0,0.0,0.0,0.0,0.0,0.0,0.0,0.0,0.27,0.0,0.2,0.13,0.34,0.0,0.27,0.0,0.0,0.47,0.0,0.0,0.0,0.0,0.07,0.07,0.0,1.08,0.0,0.0,0.0,0.74,0.0,0.0,0.07,0.07,0.0,0.07,0.07,0.13,0.0,0.0,0.27,0.0,0.0,0.0,0.0,0.07,0.0,0.0
Taylor-Massey,61,0.0,0.04,0.38,1.17,0.75,0.08,0.0,0.04,0.0,0.0,14.71,0.0,0.0,0.15,0.45,0.0,1.35,0.0,0.04,0.0,0.04,0.0,0.0,0.0,0.0,0.0,0.0,0.0,59.41,0.0,0.0,0.0,0.0,0.83,0.0,0.0,0.0,0.04,0.04,0.3,0.98,0.04,0.04,0.11,0.0,0.0,0.79,0.11,0.0,0.0,0.11,0.11,0.19,0.0,0.15,0.0,0.0,0.0,0.0,0.87,0.08,0.0,0.0,0.04,0.0,0.11,0.0,0.08,0.11,0.0,1.05,0.15,0.0,0.0,0.0,0.04,0.0,1.17,0.0,0.0,0.04,0.04,0.0,0.0,0.0,0.0,0.19,1.02,0.26,0.49,0.3,0.98,0.04,0.45,0.0,0.0,0.38,0.11,0.0,0.64,0.08,0.0,0.0,0.11,0.79,0.08,0.0,0.0,1.17,1.05,1.02,0.08,0.15,0.68,0.41,0.0,3.24,0.0,0.0,0.08,0.0,0.0,0.0,0.0,0.04,0.0,0.0
East End-Danforth,62,0.03,0.0,0.03,0.23,0.38,0.0,0.0,0.0,0.0,0.0,1.56,0.0,0.0,0.03,0.03,0.03,1.56,0.0,0.0,0.0,0.0,0.05,0.0,0.03,0.0,0.0,0.05,0.0,88.31,0.0,0.0,0.0,0.0,0.83,0.0,0.0,0.0,0.0,0.08,0.23,0.08,0.0,0.0,0.0,0.0,0.0,0.18,0.05,0.0,0.0,0.05,0.25,0.1,0.0,0.0,0.0,0.0,0.03,0.0,0.28,0.05,0.03,0.05,0.0,0.0,0.05,0.0,0.05,0.0,0.0,0.78,0.0,0.0,0.03,0.0,0.0,0.0,0.0,0.0,0.0,0.0,0.0,0.03,0.0,0.0,0.0,0.0,0.3,0.13,0.3,0.25,0.08,0.0,0.1,0.0,0.0,0.15,0.0,0.0,0.0,0.0,0.0,0.0,0.0,0.63,0.0,0.0,0.03,0.88,0.15,0.0,0.03,0.03,0.13,0.15,0.05,1.13,0.0,0.0,0.05,0.0,0.0,0.0,0.0,0.0,0.0,0.0
The Beaches,63,0.02,0.0,0.0,0.0,0.05,0.0,0.0,0.0,0.0,0.0,0.0,0.0,0.0,0.0,0.05,0.0,0.12,0.0,0.0,0.0,0.0,0.07,0.0,0.02,0.0,0.0,0.05,0.0,96.23,0.0,0.0,0.0,0.0,1.23,0.0,0.0,0.0,0.0,0.19,0.09,0.0,0.0,0.0,0.0,0.02,0.0,0.02,0.0,0.0,0.0,0.0,0.02,0.05,0.0,0.0,0.0,0.0,0.0,0.0,0.07,0.0,0.0,0.02,0.0,0.0,0.02,0.0,0.02,0.0,0.02,0.21,0.0,0.0,0.0,0.0,0.0,0.0,0.0,0.0,0.0,0.0,0.0,0.0,0.0,0.0,0.0,0.0,0.07,0.07,0.14,0.0,0.07,0.0,0.24,0.0,0.0,0.07,0.0,0.0,0.0,0.0,0.02,0.0,0.0,0.38,0.0,0.0,0.0,0.09,0.0,0.0,0.02,0.02,0.0,0.02,0.05,0.05,0.0,0.0,0.05,0.0,0.0,0.0,0.0,0.0,0.0,0.0
Woodbine Corridor,64,0.0,0.0,0.04,0.21,0.17,0.0,0.0,0.04,0.0,0.0,0.25,0.0,0.0,0.0,0.04,0.0,2.46,0.0,0.0,0.0,0.0,0.0,0.0,0.0,0.0,0.0,0.0,0.0,90.15,0.0,0.0,0.0,0.0,1.46,0.0,0.0,0.0,0.04,0.04,0.38,0.04,0.0,0.04,0.04,0.0,0.0,0.13,0.17,0.0,0.0,0.0,0.5,0.25,0.0,0.0,0.0,0.08,0.0,0.0,0.17,0.0,0.0,0.08,0.0,0.0,0.04,0.0,0.0,0.0,0.0,0.67,0.04,0.0,0.13,0.0,0.0,0.0,0.04,0.0,0.0,0.0,0.0,0.0,0.0,0.0,0.0,0.0,0.04,0.04,0.29,0.17,0.08,0.0,0.13,0.0,0.0,0.08,0.0,0.0,0.0,0.0,0.0,0.0,0.04,0.46,0.0,0.0,0.04,0.17,0.04,0.0,0.0,0.0,0.04,0.08,0.04,0.38,0.0,0.0,0.17,0.0,0.0,0.0,0.0,0.0,0.0,0.0
Greenwood-Coxwell,65,0.0,0.04,0.0,0.22,0.0,0.0,0.0,0.0,0.0,0.0,0.26,0.0,0.0,0.0,0.0,0.07,7.2,0.0,0.0,0.0,0.0,0.0,0.0,0.04,0.0,0.0,0.04,0.0,82.79,0.0,0.0,0.0,0.0,0.89,0.0,0.0,0.0,0.0,0.07,0.59,0.22,0.0,0.04,0.04,0.07,0.0,0.26,0.0,0.0,0.0,0.07,0.37,0.15,0.0,0.0,0.0,0.0,0.0,0.0,0.15,0.04,0.0,0.0,0.0,0.0,0.11,0.0,0.0,0.0,0.0,1.26,0.0,0.0,0.18,0.0,0.0,0.0,0.04,0.0,0.0,0.0,0.0,0.0,0.0,0.0,0.0,0.07,0.18,0.0,0.11,0.55,0.07,0.0,0.07,0.0,0.0,0.11,0.0,0.0,0.0,0.04,0.04,0.0,0.0,0.66,0.04,0.0,0.0,0.33,0.07,0.0,0.0,0.04,0.07,0.07,0.07,1.55,0.0,0.0,0.55,0.0,0.0,0.0,0.04,0.04,0.0,0.0
Danforth,66,0.0,0.0,0.11,0.17,0.22,0.0,0.0,0.0,0.0,0.0,0.0,0.0,0.0,0.0,0.0,0.0,2.83,0.0,0.0,0.0,0.0,0.0,0.0,0.0,0.0,0.0,0.0,0.0,82.16,0.0,0.0,0.0,0.06,1.27,0.0,0.0,0.0,0.0,0.11,3.49,1.33,0.0,0.0,0.0,0.06,0.0,0.17,0.11,0.0,0.0,0.06,2.6,0.39,0.0,0.0,0.0,0.0,0.0,0.0,0.22,0.0,0.0,0.06,0.0,0.06,0.17,0.0,0.0,0.0,0.0,1.16,0.0,0.0,0.06,0.0,0.0,0.0,0.0,0.0,0.0,0.0,0.0,0.0,0.0,0.0,0.0,0.0,0.17,0.06,0.33,0.22,0.0,0.0,0.17,0.0,0.0,0.33,0.0,0.0,0.0,0.0,0.0,0.06,0.0,0.55,0.0,0.0,0.0,0.22,0.06,0.0,0.0,0.06,0.06,0.06,0.06,0.5,0.0,0.0,0.22,0.0,0.0,0.0,0.0,0.06,0.0,0.0
Playter Estates-Danforth,67,0.0,0.0,0.27,0.07,0.13,0.0,0.0,0.0,0.0,0.0,0.0,0.0,0.0,0.07,0.0,0.0,1.08,0.0,0.0,0.0,0.0,0.0,0.0,0.0,0.0,0.0,0.0,0.0,90.26,0.0,0.0,0.0,0.0,0.94,0.0,0.0,0.0,0.0,0.07,3.23,0.07,0.0,0.0,0.0,0.0,0.0,0.07,0.0,0.0,0.0,0.0,0.2,0.2,0.0,0.0,0.0,0.0,0.0,0.0,0.27,0.0,0.0,0.0,0.0,0.0,0.13,0.0,0.0,0.0,0.0,0.34,0.0,0.0,0.0,0.0,0.0,0.0,0.0,0.0,0.0,0.0,0.0,0.0,0.0,0.0,0.0,0.0,0.13,0.13,0.2,0.0,0.0,0.0,0.2,0.0,0.0,0.4,0.0,0.0,0.0,0.0,0.07,0.07,0.0,0.6,0.0,0.0,0.0,0.34,0.0,0.07,0.0,0.07,0.0,0.13,0.07,0.0,0.0,0.0,0.13,0.0,0.0,0.0,0.0,0.0,0.0,0.0
North Riverdale,68,0.0,0.0,0.0,0.04,0.04,0.04,0.0,0.0,0.0,0.0,0.04,0.0,0.0,0.0,0.0,0.0,3.3,0.0,0.0,0.0,0.04,0.04,0.0,0.0,0.0,0.0,0.0,0.0,89.16,0.04,0.0,0.0,0.0,0.62,0.0,0.0,0.0,0.0,0.22,1.72,0.04,0.0,0.04,0.0,0.04,0.0,0.04,0.0,0.0,0.0,0.0,0.31,0.09,0.0,0.0,0.0,0.0,0.0,0.0,0.04,0.0,0.0,0.04,0.0,0.0,0.0,0.0,0.0,0.0,0.0,1.89,0.0,0.0,0.13,0.0,0.0,0.0,0.0,0.0,0.0,0.0,0.0,0.0,0.0,0.0,0.0,0.0,0.04,0.09,0.09,0.04,0.04,0.0,0.18,0.0,0.0,0.22,0.04,0.0,0.0,0.0,0.04,0.0,0.0,0.57,0.0,0.0,0.0,0.13,0.0,0.0,0.0,0.04,0.0,0.04,0.04,0.04,0.0,0.0,0.31,0.0,0.0,0.0,0.0,0.0,0.0,0.0
Blake-Jones,69,0.0,0.0,0.0,0.42,0.42,0.0,0.0,0.0,0.0,0.0,0.21,0.0,0.0,0.0,0.14,0.07,5.4,0.0,0.0,0.0,0.0,0.07,0.0,0.0,0.0,0.0,0.0,0.0,80.28,0.0,0.0,0.0,0.0,1.11,0.0,0.0,0.0,0.0,0.0,1.73,2.15,0.0,0.0,0.14,0.0,0.0,0.0,0.0,0.0,0.0,0.0,0.42,0.21,0.0,0.0,0.0,0.0,0.0,0.0,0.21,0.0,0.0,0.07,0.07,0.0,0.07,0.0,0.0,0.0,0.0,1.73,0.0,0.0,0.14,0.07,0.0,0.0,0.0,0.0,0.0,0.0,0.0,0.07,0.0,0.0,0.0,0.48,0.28,0.07,0.42,0.21,0.0,0.07,0.21,0.0,0.0,0.07,0.0,0.0,0.0,0.0,0.0,0.07,0.48,0.35,0.14,0.0,0.0,0.28,0.07,0.0,0.0,0.0,0.35,0.14,0.0,0.69,0.0,0.0,0.48,0.0,0.0,0.0,0.0,0.0,0.0,0.0
South Riverdale,70,0.0,0.0,0.02,0.06,0.08,0.0,0.0,0.02,0.0,0.0,0.15,0.0,0.0,0.02,0.0,0.0,8.44,0.0,0.02,0.0,0.02,0.0,0.0,0.0,0.0,0.0,0.02,0.0,80.17,0.02,0.0,0.0,0.0,1.08,0.0,0.0,0.0,0.0,0.06,0.15,0.02,0.0,0.08,0.04,0.02,0.02,0.02,0.0,0.0,0.0,0.04,0.0,0.13,0.0,0.0,0.0,0.0,0.0,0.0,0.1,0.0,0.0,0.02,0.0,0.0,0.04,0.0,0.0,0.0,0.0,4.67,0.0,0.04,0.56,0.0,0.0,0.0,0.02,0.0,0.0,0.0,0.02,0.0,0.0,0.02,0.0,0.08,0.23,0.0,0.42,0.15,0.0,0.02,0.12,0.0,0.0,0.08,0.0,0.02,0.0,0.0,0.0,0.0,0.02,0.46,0.04,0.0,0.0,0.37,0.12,0.0,0.02,0.04,0.06,0.04,0.02,0.21,0.0,0.0,1.33,0.0,0.0,0.0,0.0,0.02,0.0,0.0
Cabbagetown-South St. James Town,71,0.0,0.0,0.14,0.05,0.14,0.0,0.0,0.0,0.0,0.05,0.14,0.0,0.0,0.0,0.0,0.0,1.48,0.0,0.0,0.0,0.0,0.05,0.0,0.0,0.0,0.0,0.0,0.0,88.41,0.05,0.0,0.0,0.0,1.25,0.0,0.0,0.0,0.0,0.0,0.09,0.05,0.0,0.05,0.0,0.0,0.0,0.09,0.09,0.0,0.0,0.05,0.14,0.23,0.0,0.0,0.0,0.05,0.0,0.05,0.6,0.0,0.0,0.0,0.0,0.0,0.0,0.0,0.0,0.0,0.0,1.25,0.0,0.05,0.09,0.0,0.05,0.05,0.0,0.0,0.0,0.0,0.0,0.0,0.0,0.0,0.0,0.0,0.28,0.14,0.32,0.0,0.19,0.0,0.6,0.0,0.0,0.14,0.0,0.0,0.0,0.05,0.0,0.0,0.05,0.88,0.05,0.0,0.0,1.39,0.37,0.0,0.05,0.05,0.09,0.09,0.09,0.14,0.0,0.0,0.32,0.0,0.0,0.0,0.0,0.0,0.0,0.0
Regent Park,72,0.0,0.0,0.0,0.69,1.28,0.0,0.0,0.0,0.0,0.0,8.31,0.0,0.0,0.0,0.0,0.05,3.19,0.0,0.0,0.0,0.0,0.0,0.0,0.0,0.0,0.05,0.0,0.0,63.84,0.0,0.0,0.0,0.0,1.7,0.0,0.0,0.0,0.0,0.05,0.0,0.11,0.0,0.11,0.05,0.0,0.0,0.21,0.05,0.0,0.0,0.05,0.05,0.11,0.0,0.0,0.0,0.16,0.05,0.0,0.32,0.05,0.0,0.0,0.0,0.0,0.0,0.0,0.05,0.05,0.0,4.95,0.0,0.0,0.05,0.0,0.0,0.0,0.27,0.0,0.0,0.0,0.05,0.11,0.0,0.0,0.0,0.48,0.59,0.05,0.16,0.16,0.0,0.0,0.48,0.0,0.0,0.0,0.0,0.0,0.0,0.05,0.0,0.0,1.38,1.28,0.27,0.0,0.0,1.12,4.15,0.0,0.0,0.0,0.27,0.05,0.0,1.06,0.0,0.0,2.4,0.0,0.0,0.0,0.0,0.0,0.0,0.0
Moss Park,73,0.0,0.11,0.03,0.9,0.68,0.0,0.0,0.0,0.0,0.0,0.7,0.0,0.0,0.0,0.03,0.0,1.3,0.0,0.0,0.0,0.03,0.03,0.0,0.03,0.0,0.0,0.03,0.0,84.47,0.0,0.0,0.0,0.0,1.86,0.0,0.0,0.03,0.0,0.11,0.08,0.03,0.0,0.0,0.03,0.03,0.0,0.23,0.06,0.0,0.0,0.0,0.14,0.2,0.0,0.0,0.0,0.0,0.0,0.0,0.54,0.0,0.0,0.0,0.0,0.0,0.0,0.0,0.0,0.0,0.0,1.38,0.03,0.0,0.0,0.0,0.0,0.0,0.0,0.0,0.0,0.03,0.0,0.2,0.0,0.03,0.0,0.08,0.54,0.17,0.23,0.17,0.08,0.06,0.59,0.0,0.0,0.25,0.03,0.0,0.0,0.03,0.0,0.0,0.68,1.01,0.2,0.0,0.0,0.56,0.45,0.03,0.03,0.06,0.39,0.03,0.03,0.28,0.0,0.0,0.68,0.0,0.0,0.0,0.0,0.03,0.0,0.0
North St. James Town,74,0.0,0.06,0.03,1.08,1.11,0.03,0.0,0.06,0.0,0.0,0.86,0.0,0.0,0.06,0.06,0.03,0.73,0.0,0.22,0.0,0.06,0.06,0.0,0.0,0.0,0.0,0.03,0.0,65.81,0.0,0.0,0.0,0.0,1.43,0.03,0.0,0.0,0.03,0.03,0.13,0.16,0.0,0.06,0.16,0.06,0.13,1.02,0.19,0.0,0.0,0.57,0.03,0.1,0.03,0.0,0.0,0.03,0.0,0.0,1.21,0.03,0.0,0.0,0.03,0.0,0.06,0.0,0.0,0.16,0.0,2.03,0.16,0.0,0.1,0.0,0.03,0.0,2.51,0.0,0.0,0.0,0.03,0.13,0.0,0.03,0.0,0.22,1.05,0.22,0.73,0.19,0.1,0.0,1.05,0.0,0.0,0.41,0.0,0.0,0.0,0.03,0.03,0.0,0.32,1.68,0.06,0.0,0.03,5.88,3.62,0.54,0.0,0.22,0.44,0.29,0.06,1.4,0.0,0.03,0.35,0.0,0.0,0.0,0.0,0.0,0.0,0.0
Church-Yonge Corridor,75,0.0,0.0,0.05,0.09,0.9,0.07,0.02,0.02,0.0,0.0,0.33,0.0,0.0,0.0,0.12,0.0,1.17,0.0,0.03,0.0,0.03,0.03,0.0,0.0,0.0,0.0,0.03,0.0,83.11,0.0,0.0,0.0,0.0,1.34,0.0,0.0,0.0,0.0,0.05,0.05,0.12,0.0,0.02,0.0,0.07,0.02,0.48,0.03,0.0,0.0,0.0,0.19,0.22,0.0,0.03,0.0,0.0,0.02,0.02,1.12,0.0,0.0,0.02,0.0,0.0,0.05,0.02,0.05,0.07,0.0,3.75,0.12,0.0,0.03,0.0,0.0,0.0,0.02,0.0,0.0,0.0,0.05,0.02,0.0,0.0,0.0,0.0,1.07,0.21,0.43,0.09,0.14,0.0,0.86,0.0,0.0,0.15,0.0,0.0,0.0,0.0,0.0,0.0,0.1,1.15,0.03,0.0,0.0,0.43,0.31,0.14,0.05,0.02,0.12,0.15,0.05,0.28,0.0,0.0,0.15,0.0,0.0,0.0,0.0,0.05,0.0,0.02
Bay Street Corridor,76,0.0,0.0,0.0,0.04,2.87,0.15,0.0,0.04,0.0,0.0,0.23,0.0,0.0,0.02,0.04,0.02,2.7,0.0,0.0,0.0,0.0,0.02,0.0,0.0,0.0,0.0,0.02,0.0,67.52,0.0,0.0,0.0,0.02,0.89,0.02,0.0,0.0,0.0,0.11,0.08,0.08,0.0,0.0,0.0,0.08,0.02,0.46,0.04,0.0,0.0,0.02,0.17,0.84,0.0,0.02,0.0,0.02,0.0,0.0,3.04,0.02,0.0,0.0,0.0,0.0,0.02,0.0,0.02,0.06,0.0,13.69,0.04,0.0,0.13,0.0,0.0,0.0,0.11,0.0,0.0,0.02,0.0,0.0,0.0,0.0,0.0,0.0,1.6,0.13,0.46,0.08,0.08,0.0,0.65,0.0,0.0,0.13,0.0,0.0,0.0,0.04,0.04,0.0,0.08,1.16,0.0,0.0,0.0,0.3,0.15,0.06,0.08,0.0,0.0,0.4,0.13,0.42,0.0,0.0,0.15,0.0,0.0,0.0,0.0,0.13,0.0,0.0
Waterfront Communities-The Island,77,0.01,0.01,0.03,0.14,0.69,0.05,0.01,0.0,0.01,0.0,0.16,0.0,0.0,0.02,0.04,0.01,1.4,0.02,0.0,0.0,0.02,0.06,0.0,0.01,0.0,0.0,0.06,0.0,85.61,0.0,0.0,0.0,0.01,1.24,0.0,0.0,0.02,0.0,0.12,0.06,0.04,0.0,0.0,0.0,0.02,0.01,0.37,0.06,0.0,0.01,0.01,0.1,0.23,0.0,0.02,0.0,0.01,0.01,0.01,0.68,0.01,0.0,0.01,0.0,0.0,0.01,0.0,0.03,0.02,0.0,3.5,0.04,0.0,0.08,0.0,0.0,0.0,0.0,0.0,0.0,0.01,0.0,0.0,0.0,0.0,0.0,0.0,0.91,0.09,0.36,0.07,0.09,0.0,0.68,0.0,0.0,0.14,0.01,0.0,0.02,0.02,0.02,0.02,0.02,1.17,0.02,0.0,0.03,0.27,0.1,0.07,0.02,0.02,0.05,0.14,0.06,0.27,0.0,0.0,0.13,0.0,0.01,0.0,0.0,0.08,0.0,0.02
Kensington-Chinatown,78,0.0,0.03,0.06,0.09,0.64,0.0,0.0,0.0,0.0,0.0,0.21,0.0,0.0,0.0,0.06,0.03,11.36,0.03,0.0,0.0,0.03,0.03,0.0,0.0,0.0,0.0,0.0,0.0,66.06,0.03,0.0,0.03,0.0,0.92,0.0,0.0,0.0,0.0,0.09,0.0,0.03,0.0,0.06,0.0,0.0,0.0,0.12,0.03,0.0,0.0,0.0,0.09,0.31,0.0,0.0,0.0,0.03,0.0,0.0,0.85,0.03,0.0,0.0,0.03,0.0,0.0,0.0,0.06,0.03,0.0,12.0,0.0,0.09,0.4,0.0,0.0,0.0,0.0,0.0,0.0,0.0,0.0,0.0,0.0,0.0,0.0,0.06,0.4,0.15,1.16,0.03,0.06,0.0,0.31,0.0,0.0,0.03,0.03,0.0,0.0,0.0,0.03,0.0,0.4,0.89,0.0,0.0,0.0,0.52,0.06,0.0,0.09,0.06,0.03,0.03,0.03,0.18,0.0,0.0,1.37,0.0,0.0,0.0,0.0,0.18,0.0,0.03
University,79,0.0,0.0,0.0,0.07,0.22,0.0,0.0,0.07,0.0,0.0,0.15,0.0,0.0,0.07,0.0,0.0,2.23,0.07,0.0,0.0,0.0,0.0,0.0,0.0,0.0,0.0,0.0,0.0,83.41,0.0,0.0,0.0,0.0,1.12,0.0,0.0,0.0,0.0,0.3,0.3,0.0,0.0,0.0,0.0,0.15,0.0,0.15,0.0,0.07,0.0,0.0,0.52,0.45,0.0,0.0,0.0,0.0,0.0,0.0,1.12,0.0,0.0,0.0,0.0,0.0,0.0,0.0,0.0,0.0,0.0,3.79,0.0,0.0,0.07,0.0,0.0,0.0,0.0,0.0,0.0,0.0,0.0,0.0,0.0,0.0,0.0,0.07,0.3,0.07,2.53,0.0,0.07,0.0,0.37,0.0,0.0,0.0,0.0,0.0,0.0,0.0,0.0,0.07,0.07,1.12,0.0,0.0,0.0,0.22,0.0,0.0,0.07,0.0,0.0,0.07,0.0,0.15,0.0,0.0,0.37,0.0,0.0,0.0,0.0,0.07,0.0,0.0
Palmerston-Little Italy,80,0.0,0.0,0.04,0.08,0.04,0.0,0.0,0.0,0.0,0.0,0.04,0.0,0.0,0.04,0.0,0.0,2.68,0.0,0.0,0.0,0.08,0.0,0.0,0.04,0.0,0.0,0.0,0.0,83.53,0.04,0.0,0.0,0.08,0.94,0.0,0.0,0.0,0.0,0.04,0.68,0.0,0.0,0.04,0.0,0.0,0.0,0.0,0.0,0.04,0.0,0.0,2.75,0.26,0.0,0.0,0.0,0.04,0.0,0.0,0.34,0.0,0.0,0.0,0.0,0.04,0.04,0.0,0.0,0.0,0.0,1.09,0.0,0.0,0.11,0.0,0.0,0.0,0.04,0.0,0.0,0.0,0.0,0.0,0.0,0.0,0.0,0.0,0.11,0.08,4.82,0.04,0.0,0.0,0.11,0.0,0.0,0.04,0.0,0.0,0.0,0.04,0.0,0.0,0.0,1.02,0.0,0.0,0.04,0.11,0.0,0.0,0.0,0.0,0.04,0.0,0.15,0.08,0.0,0.0,0.23,0.0,0.0,0.0,0.0,0.0,0.0,0.0
Trinity-Bellwoods,81,0.0,0.0,0.0,0.03,0.1,0.0,0.0,0.0,0.0,0.0,0.0,0.0,0.0,0.0,0.0,0.0,6.28,0.03,0.0,0.0,0.03,0.0,0.0,0.0,0.0,0.0,0.0,0.0,72.29,0.0,0.0,0.0,0.0,0.81,0.0,0.0,0.0,0.0,0.13,0.06,0.0,0.0,0.03,0.03,0.03,0.0,0.0,0.03,0.0,0.0,0.0,1.32,0.23,0.0,0.0,0.0,0.0,0.0,0.0,0.1,0.0,0.0,0.0,0.0,0.0,0.0,0.0,0.0,0.0,0.0,6.41,0.0,0.1,0.16,0.0,0.03,0.0,0.0,0.0,0.0,0.0,0.0,0.0,0.0,0.0,0.0,0.0,0.06,0.16,9.99,0.0,0.06,0.0,0.03,0.0,0.0,0.06,0.0,0.0,0.0,0.0,0.0,0.0,0.0,0.48,0.0,0.0,0.0,0.1,0.03,0.0,0.03,0.0,0.06,0.0,0.19,0.0,0.0,0.0,0.42,0.0,0.0,0.0,0.0,0.03,0.0,0.03
Niagara,82,0.0,0.0,0.02,0.12,0.38,0.02,0.0,0.0,0.0,0.0,0.03,0.0,0.0,0.0,0.07,0.0,0.97,0.02,0.02,0.0,0.05,0.02,0.0,0.03,0.0,0.0,0.02,0.0,89.2,0.0,0.0,0.0,0.0,1.18,0.0,0.0,0.0,0.0,0.07,0.07,0.03,0.0,0.02,0.0,0.07,0.0,0.22,0.02,0.0,0.0,0.0,0.12,0.14,0.0,0.0,0.0,0.0,0.0,0.0,0.31,0.0,0.0,0.0,0.0,0.0,0.02,0.0,0.02,0.02,0.02,1.33,0.02,0.0,0.03,0.0,0.0,0.0,0.02,0.0,0.0,0.0,0.0,0.0,0.0,0.0,0.0,0.02,0.51,0.19,1.28,0.07,0.09,0.0,0.51,0.0,0.0,0.1,0.0,0.0,0.0,0.0,0.03,0.0,0.03,1.35,0.03,0.0,0.02,0.38,0.1,0.03,0.0,0.02,0.03,0.15,0.09,0.07,0.0,0.0,0.19,0.0,0.0,0.0,0.0,0.03,0.0,0.0
Dufferin Grove,83,0.0,0.05,0.0,0.0,0.32,0.0,0.0,0.0,0.0,0.0,0.5,0.0,0.0,0.0,0.0,0.0,2.41,0.0,0.0,0.0,0.14,0.05,0.0,0.0,0.0,0.0,0.0,0.0,75.44,0.05,0.0,0.0,0.0,1.0,0.0,0.0,0.0,0.05,0.0,0.36,0.05,0.05,0.0,0.0,0.0,0.05,0.23,0.32,0.0,0.0,0.0,0.73,0.09,0.0,0.0,0.0,0.0,0.0,0.0,0.45,0.05,0.0,0.0,0.0,0.05,0.0,0.0,0.0,0.0,0.05,1.36,0.0,0.05,0.05,0.0,0.05,0.0,0.05,0.0,0.0,0.0,0.0,0.0,0.0,0.0,0.0,0.05,0.14,0.14,9.99,0.27,0.05,0.0,0.27,0.0,0.0,0.05,0.0,0.0,0.05,0.0,0.05,0.0,0.0,2.54,0.0,0.0,0.0,0.27,0.23,0.0,0.0,0.23,0.09,0.05,0.23,0.32,0.0,0.0,1.04,0.0,0.0,0.0,0.0,0.0,0.0,0.0
Little Portugal,84,0.0,0.0,0.0,0.07,0.07,0.03,0.0,0.0,0.0,0.0,0.0,0.0,0.0,0.0,0.0,0.0,2.83,0.0,0.0,0.0,0.03,0.0,0.0,0.0,0.0,0.0,0.03,0.0,80.17,0.0,0.0,0.0,0.0,0.61,0.0,0.0,0.0,0.0,0.03,0.03,0.0,0.0,0.0,0.0,0.0,0.0,0.03,0.1,0.0,0.0,0.0,0.27,0.1,0.0,0.0,0.0,0.0,0.0,0.0,0.27,0.0,0.0,0.0,0.0,0.0,0.0,0.0,0.0,0.03,0.0,1.13,0.0,0.0,0.2,0.0,0.0,0.0,0.0,0.0,0.0,0.0,0.0,0.0,0.0,0.0,0.0,0.0,0.14,0.17,10.89,0.0,0.0,0.0,0.14,0.0,0.0,0.03,0.0,0.0,0.0,0.03,0.0,0.0,0.0,0.92,0.0,0.0,0.0,0.27,0.0,0.0,0.03,0.03,0.03,0.03,0.14,0.0,0.0,0.0,0.99,0.0,0.0,0.0,0.0,0.07,0.0,0.0
South Parkdale,85,0.0,0.0,0.03,0.65,0.31,0.0,0.0,0.0,0.0,0.0,0.16,0.0,0.0,0.03,0.05,0.0,0.86,0.0,0.05,0.0,0.05,0.21,0.0,0.0,0.0,0.0,0.0,0.0,75.65,0.0,0.0,0.0,0.0,0.76,0.0,0.0,0.0,0.0,0.08,0.05,0.08,0.0,0.0,0.05,0.03,0.0,0.16,0.79,0.0,0.0,0.08,0.13,0.03,0.0,0.0,0.0,0.0,0.0,0.03,0.24,0.0,0.0,0.03,0.0,0.03,0.03,0.03,0.03,0.08,0.0,0.52,0.05,0.0,0.08,0.0,0.03,0.0,0.24,0.0,0.0,0.0,0.03,0.0,0.0,0.0,0.0,0.0,0.31,2.04,0.68,0.08,0.08,0.0,0.45,0.0,0.0,0.16,0.05,0.0,0.0,0.03,0.0,0.0,0.03,1.31,0.03,0.0,0.0,2.02,0.99,0.18,0.0,7.33,0.29,0.13,0.1,0.1,0.0,0.0,1.86,0.0,0.03,0.0,0.03,0.0,0.0,0.0
Roncesvalles,86,0.0,0.0,0.04,0.04,0.21,0.0,0.0,0.0,0.0,0.0,0.18,0.0,0.0,0.0,0.0,0.14,1.06,0.0,0.07,0.0,0.11,0.07,0.0,0.0,0.0,0.0,0.0,0.0,84.07,0.0,0.0,0.0,0.0,1.09,0.0,0.0,0.0,0.0,0.14,0.21,0.28,0.0,0.04,0.0,0.0,0.04,0.14,1.76,0.0,0.0,0.04,0.07,0.11,0.0,0.0,0.0,0.04,0.0,0.0,0.11,0.0,0.0,0.04,0.0,0.04,0.0,0.0,0.0,0.07,0.0,0.49,0.0,0.0,0.07,0.0,0.0,0.0,0.04,0.0,0.0,0.0,0.0,0.0,0.0,0.0,0.0,0.0,0.07,2.15,1.55,0.0,0.04,0.0,0.18,0.0,0.0,0.14,0.0,0.04,0.0,0.04,0.0,0.0,0.0,0.74,0.04,0.0,0.0,0.42,0.6,0.04,0.0,1.66,0.04,0.04,0.42,0.11,0.0,0.0,0.95,0.0,0.0,0.0,0.0,0.0,0.0,0.0
High Park-Swansea,87,0.0,0.0,0.04,0.02,0.2,0.02,0.0,0.0,0.0,0.0,0.09,0.0,0.0,0.0,0.11,0.0,0.25,0.0,0.0,0.0,0.22,0.04,0.0,0.0,0.0,0.0,0.02,0.0,87.78,0.09,0.0,0.0,0.0,1.05,0.0,0.0,0.0,0.0,0.11,0.13,0.0,0.0,0.0,0.0,0.0,0.0,0.04,0.16,0.0,0.0,0.07,0.16,0.09,0.0,0.0,0.0,0.0,0.0,0.0,0.42,0.0,0.02,0.13,0.0,0.2,0.02,0.0,0.0,0.0,0.04,0.47,0.0,0.0,0.02,0.0,0.0,0.0,0.0,0.0,0.0,0.0,0.0,0.0,0.0,0.0,0.0,0.0,0.27,1.92,0.4,0.02,0.22,0.0,1.0,0.0,0.0,1.27,0.07,0.0,0.0,0.02,0.07,0.04,0.02,0.98,0.0,0.0,0.0,0.11,0.0,0.02,0.0,0.0,0.04,0.02,1.05,0.11,0.0,0.0,0.25,0.0,0.0,0.0,0.0,0.02,0.0,0.0
High Park North,88,0.0,0.0,0.07,0.19,0.6,0.07,0.0,0.0,0.0,0.02,0.1,0.0,0.0,0.02,0.12,0.02,0.29,0.02,0.0,0.0,0.22,0.07,0.0,0.02,0.0,0.0,0.0,0.0,81.91,0.05,0.0,0.0,0.02,1.22,0.0,0.0,0.0,0.02,0.22,0.22,0.02,0.0,0.0,0.0,0.05,0.0,0.12,0.36,0.0,0.0,0.02,0.12,0.1,0.02,0.0,0.0,0.0,0.0,0.0,0.84,0.0,0.0,0.1,0.0,0.48,0.02,0.0,0.0,0.05,0.05,0.67,0.05,0.0,0.02,0.0,0.0,0.0,0.02,0.0,0.0,0.0,0.0,0.02,0.0,0.0,0.0,0.0,0.53,1.6,0.96,0.1,0.29,0.0,2.42,0.0,0.0,1.24,0.07,0.0,0.02,0.0,0.07,0.02,0.02,1.29,0.05,0.0,0.0,0.5,0.22,0.02,0.05,0.1,0.12,0.19,0.96,0.22,0.0,0.05,0.24,0.02,0.0,0.0,0.0,0.0,0.0,0.0
Runnymede-Bloor West Village,89,0.0,0.0,0.0,0.05,0.0,0.0,0.0,0.0,0.0,0.0,0.1,0.0,0.0,0.0,0.0,0.0,0.41,0.0,0.0,0.0,0.31,0.0,0.0,0.0,0.0,0.0,0.0,0.0,91.22,0.0,0.0,0.0,0.0,1.19,0.0,0.0,0.0,0.0,0.1,0.62,0.0,0.0,0.0,0.0,0.0,0.0,0.0,0.05,0.0,0.0,0.0,0.26,0.1,0.0,0.0,0.0,0.0,0.0,0.0,0.1,0.0,0.0,0.15,0.0,0.05,0.05,0.0,0.0,0.0,0.57,0.15,0.0,0.0,0.15,0.0,0.0,0.0,0.0,0.0,0.0,0.05,0.0,0.0,0.0,0.0,0.0,0.0,0.05,0.77,0.26,0.0,0.05,0.0,0.21,0.0,0.0,0.21,0.05,0.0,0.0,0.0,0.0,0.05,0.0,0.57,0.0,0.0,0.0,0.21,0.0,0.0,0.0,0.0,0.0,0.05,1.45,0.0,0.0,0.0,0.36,0.0,0.0,0.0,0.0,0.0,0.0,0.0
Junction Area,90,0.0,0.0,0.15,0.04,0.08,0.0,0.0,0.0,0.0,0.0,0.23,0.0,0.0,0.04,0.04,0.0,1.21,0.0,0.0,0.0,0.04,0.04,0.0,0.04,0.0,0.0,0.0,0.0,83.59,0.0,0.0,0.0,0.0,0.53,0.0,0.0,0.04,0.08,0.11,0.53,0.0,0.0,0.04,0.0,0.0,0.0,0.11,0.08,0.04,0.0,0.08,0.42,0.15,0.0,0.0,0.0,0.08,0.04,0.0,0.15,0.0,0.04,0.08,0.0,0.11,0.04,0.0,0.0,0.0,0.42,0.91,0.0,0.0,0.08,0.0,0.0,0.0,0.08,0.0,0.0,0.0,0.0,0.0,0.0,0.08,0.04,0.0,0.0,0.64,2.61,0.15,0.04,0.0,0.57,0.0,0.0,0.27,0.0,0.0,0.0,0.08,0.08,0.0,0.04,1.71,0.0,0.0,0.0,0.83,0.0,0.0,0.04,0.87,0.08,0.04,0.38,0.08,0.0,0.0,1.71,0.0,0.0,0.0,0.0,0.0,0.0,0.0
Weston-Pelham Park,91,0.0,0.05,0.0,0.35,0.25,0.05,0.0,0.0,0.0,0.0,0.35,0.0,0.0,0.0,0.0,0.0,1.06,0.0,0.0,0.0,0.15,0.0,0.0,0.0,0.0,0.0,0.0,0.0,67.86,0.05,0.0,0.0,0.0,0.5,0.0,0.0,0.05,0.0,0.0,0.45,0.05,0.0,0.0,0.0,0.0,0.0,0.05,0.3,0.0,0.0,0.1,2.97,0.05,0.0,0.0,0.0,0.0,0.0,0.0,0.1,0.0,0.0,0.0,0.0,0.05,0.1,0.0,0.0,0.0,0.0,0.4,0.0,0.0,0.05,0.0,0.0,0.0,0.05,0.0,0.0,0.0,0.0,0.0,0.0,0.0,0.0,0.0,0.1,0.15,14.89,0.3,0.05,0.0,0.2,0.0,0.0,0.05,0.0,0.0,0.0,0.0,0.0,0.0,0.25,4.07,0.05,0.0,0.0,0.4,0.05,0.0,0.0,0.45,0.35,0.1,0.05,0.05,0.0,0.0,2.92,0.0,0.0,0.0,0.0,0.0,0.0,0.05
Corso Italia-Davenport,92,0.0,0.0,0.04,0.04,0.12,0.0,0.0,0.0,0.0,0.0,0.08,0.0,0.0,0.0,0.04,0.0,0.93,0.0,0.0,0.0,0.0,0.0,0.0,0.0,0.0,0.0,0.0,0.0,68.44,0.04,0.0,0.0,0.0,0.66,0.0,0.0,0.0,0.0,0.08,0.31,0.0,0.0,0.0,0.0,0.0,0.0,0.08,0.15,0.0,0.0,0.04,6.89,0.12,0.0,0.0,0.0,0.0,0.0,0.0,0.19,0.04,0.0,0.04,0.0,0.0,0.0,0.0,0.0,0.0,0.0,0.93,0.04,0.0,0.04,0.0,0.04,0.0,0.0,0.0,0.0,0.0,0.0,0.0,0.0,0.0,0.0,0.0,0.43,0.15,13.4,0.15,0.0,0.0,0.12,0.0,0.0,0.0,0.0,0.0,0.0,0.0,0.04,0.08,0.0,4.3,0.0,0.0,0.12,0.62,0.0,0.0,0.0,0.04,0.12,0.12,0.08,0.0,0.0,0.0,0.85,0.0,0.0,0.0,0.0,0.04,0.0,0.0
Dovercourt-Wallace Emerson-Junction,93,0.0,0.0,0.06,0.15,0.16,0.0,0.01,0.0,0.0,0.0,0.62,0.0,0.0,0.0,0.03,0.09,2.92,0.0,0.0,0.0,0.01,0.03,0.0,0.0,0.0,0.0,0.01,0.0,73.26,0.0,0.0,0.0,0.0,0.71,0.0,0.01,0.0,0.0,0.04,0.74,0.15,0.0,0.0,0.0,0.0,0.0,0.13,0.36,0.0,0.0,0.01,1.61,0.22,0.0,0.0,0.0,0.0,0.0,0.0,0.44,0.01,0.0,0.0,0.01,0.03,0.0,0.0,0.0,0.04,0.0,1.29,0.0,0.0,0.09,0.0,0.0,0.0,0.0,0.0,0.0,0.0,0.0,0.0,0.0,0.0,0.0,0.01,0.07,0.21,10.43,0.31,0.04,0.0,0.27,0.0,0.0,0.1,0.0,0.0,0.03,0.01,0.03,0.01,0.07,2.12,0.0,0.0,0.0,0.28,0.5,0.0,0.0,0.12,0.18,0.1,0.12,0.3,0.01,0.0,1.32,0.0,0.0,0.0,0.0,0.03,0.0,0.03
Wychwood,94,0.0,0.04,0.16,0.28,0.16,0.0,0.0,0.0,0.0,0.0,0.08,0.0,0.0,0.0,0.0,0.0,2.46,0.0,0.08,0.0,0.04,0.0,0.0,0.0,0.0,0.0,0.04,0.0,81.55,0.0,0.0,0.0,0.0,0.75,0.0,0.0,0.0,0.0,0.08,2.26,0.0,0.0,0.04,0.0,0.08,0.04,0.08,0.56,0.0,0.0,0.0,1.86,0.08,0.0,0.0,0.0,0.0,0.0,0.0,0.48,0.0,0.04,0.0,0.0,0.0,0.0,0.0,0.0,0.04,0.04,0.63,0.0,0.0,0.08,0.0,0.0,0.0,0.0,0.0,0.0,0.0,0.0,0.0,0.0,0.04,0.0,0.0,0.04,0.04,3.61,0.08,0.16,0.0,0.4,0.0,0.0,0.12,0.0,0.0,0.0,0.0,0.0,0.0,0.04,1.67,0.0,0.0,0.0,0.83,0.04,0.0,0.0,0.04,0.04,0.12,0.12,0.0,0.0,0.0,0.56,0.0,0.0,0.0,0.0,0.04,0.0,0.0
Annex,95,0.0,0.0,0.05,0.1,0.31,0.05,0.0,0.02,0.0,0.0,0.05,0.0,0.0,0.0,0.02,0.0,1.05,0.0,0.0,0.0,0.05,0.03,0.0,0.0,0.0,0.0,0.02,0.0,88.72,0.02,0.0,0.0,0.02,1.1,0.0,0.0,0.0,0.0,0.16,0.28,0.05,0.0,0.0,0.0,0.16,0.0,0.14,0.1,0.0,0.0,0.0,0.7,0.31,0.0,0.0,0.0,0.0,0.0,0.0,0.82,0.02,0.0,0.02,0.0,0.0,0.02,0.0,0.0,0.03,0.0,1.5,0.0,0.0,0.05,0.0,0.0,0.0,0.0,0.0,0.0,0.02,0.0,0.0,0.0,0.0,0.0,0.0,0.61,0.16,0.65,0.03,0.09,0.02,0.44,0.0,0.0,0.23,0.02,0.02,0.0,0.02,0.0,0.03,0.02,0.89,0.0,0.0,0.02,0.12,0.09,0.0,0.02,0.0,0.07,0.19,0.09,0.09,0.0,0.0,0.07,0.0,0.0,0.0,0.0,0.0,0.02,0.02
Casa Loma,96,0.09,0.0,0.05,0.0,0.14,0.0,0.0,0.0,0.0,0.0,0.05,0.0,0.0,0.0,0.0,0.0,0.43,0.0,0.0,0.0,0.05,0.0,0.0,0.0,0.0,0.0,0.14,0.0,92.61,0.05,0.0,0.0,0.0,0.57,0.0,0.0,0.0,0.0,0.14,0.0,0.0,0.0,0.0,0.0,0.24,0.0,0.09,0.28,0.0,0.0,0.0,0.19,0.05,0.0,0.0,0.0,0.05,0.0,0.0,0.05,0.0,0.0,0.0,0.0,0.0,0.0,0.0,0.0,0.0,0.0,0.85,0.09,0.0,0.05,0.0,0.0,0.0,0.0,0.0,0.0,0.0,0.0,0.0,0.0,0.0,0.0,0.0,0.38,0.09,0.14,0.05,0.19,0.0,0.66,0.0,0.0,0.09,0.0,0.0,0.0,0.0,0.0,0.0,0.05,1.14,0.0,0.0,0.05,0.24,0.14,0.0,0.0,0.09,0.05,0.09,0.05,0.0,0.0,0.0,0.19,0.0,0.0,0.0,0.0,0.05,0.0,0.0
Yonge-St.Clair,97,0.0,0.0,0.12,0.08,0.29,0.08,0.0,0.0,0.0,0.0,0.08,0.0,0.0,0.0,0.08,0.0,0.25,0.0,0.08,0.0,0.12,0.04,0.0,0.0,0.0,0.0,0.04,0.0,90.91,0.0,0.0,0.0,0.0,0.91,0.0,0.0,0.0,0.0,0.04,0.04,0.0,0.0,0.0,0.0,0.08,0.0,0.04,0.21,0.0,0.0,0.0,0.12,0.17,0.0,0.0,0.0,0.08,0.0,0.0,0.62,0.0,0.0,0.0,0.0,0.0,0.08,0.0,0.0,0.0,0.0,0.66,0.04,0.0,0.04,0.0,0.0,0.0,0.0,0.0,0.0,0.0,0.0,0.0,0.0,0.0,0.0,0.0,0.87,0.08,0.29,0.04,0.29,0.0,0.79,0.0,0.0,0.46,0.0,0.0,0.0,0.04,0.0,0.0,0.0,1.04,0.04,0.0,0.0,0.21,0.17,0.04,0.0,0.0,0.0,0.12,0.0,0.08,0.0,0.0,0.08,0.0,0.0,0.0,0.0,0.0,0.0,0.0
Rosedale-Moore Park,98,0.0,0.0,0.05,0.0,0.3,0.0,0.0,0.0,0.0,0.0,0.12,0.0,0.0,0.0,0.05,0.0,0.4,0.0,0.02,0.0,0.05,0.02,0.0,0.02,0.0,0.0,0.02,0.0,92.16,0.02,0.0,0.0,0.0,0.87,0.0,0.0,0.0,0.02,0.2,0.12,0.0,0.0,0.0,0.0,0.1,0.0,0.05,0.1,0.02,0.0,0.02,0.07,0.12,0.0,0.0,0.0,0.0,0.0,0.0,0.45,0.0,0.0,0.0,0.0,0.02,0.0,0.0,0.02,0.0,0.0,1.14,0.05,0.0,0.05,0.0,0.0,0.0,0.0,0.0,0.0,0.0,0.02,0.0,0.0,0.0,0.0,0.0,0.6,0.05,0.32,0.0,0.17,0.0,0.42,0.0,0.0,0.2,0.05,0.0,0.0,0.0,0.02,0.0,0.0,0.84,0.02,0.0,0.02,0.2,0.0,0.0,0.0,0.0,0.0,0.1,0.07,0.12,0.0,0.0,0.0,0.02,0.0,0.0,0.0,0.02,0.0,0.0
Mount Pleasant East,99,0.06,0.0,0.06,0.03,0.09,0.03,0.0,0.0,0.0,0.0,0.06,0.0,0.0,0.0,0.16,0.0,0.56,0.0,0.03,0.0,0.06,0.0,0.0,0.0,0.0,0.0,0.03,0.0,89.62,0.16,0.0,0.0,0.03,1.15,0.0,0.0,0.0,0.0,0.12,0.31,0.0,0.0,0.03,0.0,0.09,0.0,0.09,0.06,0.0,0.0,0.03,0.03,0.28,0.0,0.0,0.0,0.0,0.0,0.0,0.5,0.0,0.0,0.03,0.0,0.0,0.12,0.0,0.0,0.0,0.0,0.59,0.03,0.0,0.0,0.0,0.0,0.0,0.0,0.0,0.0,0.0,0.0,0.0,0.0,0.0,0.0,0.03,0.9,0.28,0.34,0.03,0.22,0.0,0.75,0.0,0.0,0.87,0.09,0.0,0.0,0.0,0.0,0.0,0.0,1.06,0.03,0.0,0.0,0.56,0.03,0.0,0.03,0.03,0.0,0.12,0.03,0.03,0.0,0.0,0.0,0.0,0.0,0.0,0.03,0.0,0.0,0.06
Yonge-Eglinton,100,0.0,0.0,0.04,0.0,0.27,0.09,0.0,0.0,0.0,0.0,0.04,0.0,0.0,0.0,0.13,0.0,0.4,0.0,0.0,0.0,0.0,0.0,0.0,0.0,0.0,0.0,0.04,0.0,90.12,0.0,0.0,0.0,0.09,0.89,0.0,0.0,0.0,0.0,0.13,0.18,0.04,0.0,0.0,0.0,0.18,0.0,0.09,0.18,0.0,0.0,0.0,0.18,0.18,0.0,0.04,0.0,0.0,0.0,0.0,0.93,0.0,0.0,0.0,0.0,0.0,0.0,0.0,0.0,0.0,0.0,1.06,0.04,0.0,0.04,0.0,0.0,0.0,0.0,0.0,0.0,0.0,0.0,0.0,0.0,0.0,0.0,0.0,0.75,0.04,0.49,0.0,0.13,0.0,0.58,0.0,0.0,0.27,0.04,0.0,0.04,0.0,0.0,0.0,0.0,1.37,0.0,0.0,0.0,0.35,0.18,0.04,0.0,0.0,0.0,0.09,0.04,0.09,0.0,0.0,0.09,0.0,0.0,0.0,0.0,0.0,0.0,0.0
Forest Hill South,101,0.0,0.0,0.05,0.0,0.14,0.14,0.0,0.0,0.0,0.0,0.0,0.0,0.0,0.0,0.05,0.0,0.53,0.0,0.05,0.0,0.05,0.0,0.0,0.0,0.0,0.0,0.0,0.0,91.81,0.05,0.0,0.0,0.0,0.72,0.0,0.0,0.0,0.0,0.1,0.0,0.0,0.0,0.0,0.0,0.29,0.0,0.05,0.19,0.0,0.0,0.05,0.1,0.14,0.0,0.0,0.0,0.0,0.0,0.0,0.19,0.05,0.0,0.0,0.0,0.0,0.05,0.0,0.0,0.0,0.0,1.35,0.0,0.0,0.05,0.0,0.05,0.0,0.0,0.0,0.0,0.0,0.0,0.0,0.0,0.0,0.0,0.0,0.43,0.1,0.34,0.1,0.1,0.0,0.72,0.0,0.0,0.48,0.1,0.0,0.0,0.0,0.0,0.0,0.0,0.67,0.0,0.0,0.0,0.43,0.05,0.0,0.0,0.05,0.0,0.05,0.0,0.0,0.0,0.0,0.1,0.0,0.0,0.0,0.0,0.05,0.0,0.0
Forest Hill North,102,0.0,0.04,1.04,0.09,0.22,0.04,0.0,0.0,0.0,0.0,0.04,0.0,0.0,0.04,0.39,0.0,0.17,0.0,0.17,0.0,0.04,0.0,0.0,0.0,0.0,0.0,0.0,0.0,80.36,0.0,0.0,0.0,0.04,0.56,0.0,0.0,0.0,0.0,0.13,0.22,0.0,0.0,0.0,0.0,1.38,0.04,0.13,0.65,0.0,0.0,0.43,0.3,0.09,0.0,0.0,0.0,0.0,0.0,0.0,0.43,0.09,0.0,0.0,0.0,0.0,0.0,0.0,0.0,0.0,0.0,0.74,0.0,0.0,0.0,0.0,0.17,0.0,0.0,0.0,0.0,0.0,0.0,0.0,0.0,0.0,0.0,0.04,0.69,0.13,0.52,0.0,0.61,0.0,2.29,0.0,0.0,0.61,0.0,0.0,0.0,0.09,0.04,0.0,0.0,2.08,0.0,0.0,0.0,4.2,0.04,0.0,0.04,0.0,0.09,0.26,0.04,0.04,0.0,0.0,0.09,0.0,0.0,0.0,0.0,0.04,0.0,0.0
Lawrence Park South,103,0.0,0.0,0.07,0.03,0.1,0.03,0.0,0.0,0.0,0.0,0.0,0.0,0.0,0.0,0.0,0.0,0.3,0.0,0.03,0.0,0.1,0.0,0.0,0.03,0.0,0.0,0.0,0.0,92.72,0.14,0.0,0.0,0.0,0.91,0.0,0.0,0.0,0.0,0.1,0.14,0.0,0.0,0.0,0.0,0.07,0.0,0.07,0.03,0.0,0.0,0.03,0.1,0.1,0.0,0.0,0.0,0.0,0.0,0.0,0.44,0.0,0.0,0.03,0.0,0.03,0.0,0.0,0.03,0.0,0.0,1.02,0.0,0.0,0.0,0.0,0.0,0.0,0.0,0.03,0.0,0.0,0.0,0.0,0.0,0.03,0.0,0.0,0.81,0.07,0.1,0.0,0.07,0.0,0.68,0.0,0.0,0.3,0.0,0.0,0.0,0.0,0.03,0.0,0.0,0.41,0.0,0.0,0.0,0.47,0.0,0.0,0.0,0.0,0.0,0.17,0.0,0.07,0.0,0.0,0.03,0.0,0.0,0.0,0.0,0.03,0.0,0.0
Mount Pleasant West,104,0.04,0.04,0.11,0.16,0.6,0.13,0.0,0.02,0.0,0.0,0.13,0.0,0.0,0.04,0.24,0.02,0.46,0.0,0.05,0.0,0.07,0.04,0.0,0.0,0.0,0.0,0.04,0.0,80.97,0.04,0.0,0.0,0.0,1.06,0.0,0.0,0.0,0.0,0.07,0.11,0.05,0.0,0.0,0.0,0.11,0.0,0.4,0.13,0.0,0.0,0.05,0.11,0.26,0.0,0.02,0.0,0.0,0.0,0.0,1.57,0.0,0.0,0.02,0.0,0.0,0.04,0.0,0.02,0.05,0.0,1.39,0.07,0.0,0.0,0.0,0.0,0.0,0.05,0.0,0.0,0.0,0.0,0.0,0.0,0.0,0.0,0.02,2.63,0.13,0.82,0.02,0.53,0.0,1.57,0.0,0.0,1.11,0.09,0.02,0.02,0.02,0.04,0.0,0.02,1.95,0.0,0.0,0.0,0.73,0.38,0.24,0.02,0.0,0.07,0.49,0.09,0.11,0.0,0.0,0.11,0.0,0.0,0.0,0.0,0.02,0.0,0.0
Lawrence Park North,105,0.0,0.0,0.0,0.0,0.04,0.07,0.0,0.0,0.0,0.0,0.0,0.0,0.0,0.04,0.04,0.04,0.6,0.0,0.04,0.0,0.04,0.07,0.0,0.0,0.0,0.0,0.07,0.0,91.7,0.0,0.0,0.0,0.0,0.74,0.0,0.0,0.0,0.0,0.21,0.49,0.0,0.0,0.0,0.0,0.11,0.0,0.07,0.21,0.0,0.0,0.0,0.07,0.21,0.0,0.0,0.0,0.0,0.0,0.0,0.63,0.0,0.0,0.0,0.0,0.04,0.04,0.0,0.0,0.0,0.0,0.95,0.04,0.0,0.07,0.0,0.0,0.0,0.0,0.0,0.0,0.0,0.0,0.0,0.0,0.0,0.0,0.0,0.81,0.07,0.21,0.04,0.14,0.0,0.67,0.0,0.0,0.21,0.07,0.0,0.0,0.0,0.0,0.0,0.0,0.7,0.0,0.0,0.0,0.25,0.0,0.0,0.0,0.0,0.0,0.14,0.04,0.0,0.0,0.0,0.11,0.0,0.0,0.0,0.0,0.0,0.0,0.0
Humewood-Cedarvale,106,0.0,0.0,0.04,0.08,0.04,0.04,0.0,0.0,0.0,0.0,0.0,0.0,0.0,0.0,0.11,0.0,0.41,0.04,0.08,0.0,0.0,0.0,0.0,0.0,0.0,0.0,0.04,0.0,86.86,0.0,0.0,0.0,0.0,0.6,0.0,0.0,0.0,0.0,0.0,0.68,0.0,0.0,0.0,0.0,0.11,0.08,0.04,0.49,0.0,0.0,0.34,0.64,0.19,0.0,0.0,0.0,0.0,0.0,0.0,0.56,0.0,0.0,0.0,0.0,0.0,0.0,0.0,0.0,0.0,0.04,0.19,0.04,0.0,0.0,0.0,0.0,0.0,0.0,0.0,0.0,0.0,0.0,0.0,0.0,0.0,0.0,0.0,0.11,0.15,1.09,0.0,0.11,0.0,0.6,0.0,0.0,0.11,0.0,0.0,0.0,0.0,0.0,0.0,0.04,2.15,0.0,0.0,0.0,3.35,0.04,0.04,0.0,0.0,0.04,0.08,0.15,0.08,0.0,0.0,0.15,0.0,0.0,0.0,0.0,0.0,0.0,0.0
Oakwood Village,107,0.0,0.08,0.16,0.31,0.21,0.0,0.03,0.0,0.03,0.0,0.03,0.05,0.0,0.03,0.03,0.0,1.23,0.03,0.13,0.0,0.05,0.0,0.0,0.0,0.0,0.0,0.0,0.0,71.66,0.03,0.0,0.0,0.03,0.55,0.0,0.0,0.0,0.0,0.08,1.63,0.0,0.0,0.03,0.0,0.1,0.16,0.03,0.37,0.0,0.0,0.31,4.56,0.13,0.0,0.0,0.0,0.03,0.0,0.0,0.31,0.03,0.03,0.0,0.0,0.0,0.0,0.0,0.0,0.03,0.0,0.81,0.0,0.0,0.03,0.0,0.08,0.0,0.0,0.0,0.0,0.03,0.0,0.05,0.0,0.05,0.0,0.0,0.1,0.16,5.77,0.03,0.08,0.0,0.47,0.0,0.0,0.03,0.0,0.0,0.0,0.03,0.0,0.05,0.05,4.59,0.0,0.0,0.0,3.28,0.08,0.03,0.03,0.0,0.55,0.31,0.08,0.05,0.0,0.0,0.68,0.0,0.03,0.0,0.0,0.03,0.0,0.0
Briar Hill-Belgravia,108,0.0,0.0,1.97,0.04,0.12,0.04,0.0,0.04,0.0,0.0,0.0,0.08,0.0,0.12,0.08,0.0,0.66,0.0,0.53,0.0,0.12,0.04,0.0,0.0,0.0,0.0,0.04,0.0,62.47,0.0,0.0,0.0,0.0,0.45,0.0,0.0,0.0,0.04,0.0,0.53,0.04,0.0,0.0,0.0,0.04,0.12,0.08,0.66,0.0,0.0,0.82,3.65,0.04,0.0,0.0,0.0,0.0,0.0,0.0,0.41,0.08,0.04,0.0,0.0,0.0,0.0,0.0,0.0,0.0,0.04,0.66,0.0,0.0,0.04,0.0,0.08,0.0,0.0,0.0,0.0,0.0,0.0,0.0,0.0,0.0,0.0,0.0,0.25,0.25,6.56,0.08,0.53,0.0,2.79,0.0,0.0,1.23,0.08,0.0,0.0,0.0,0.0,0.0,0.0,3.98,0.0,0.0,0.0,7.75,0.29,0.04,0.08,0.0,0.29,0.37,0.21,0.04,0.0,0.0,0.74,0.0,0.16,0.0,0.04,0.04,0.0,0.0
Caledonia-Fairbank,109,0.0,0.0,0.17,0.0,0.06,0.0,0.0,0.0,0.0,0.0,0.06,0.0,0.0,0.0,0.0,0.06,0.23,0.0,0.06,0.0,0.12,0.0,0.0,0.0,0.0,0.0,0.0,0.0,62.19,0.0,0.0,0.0,0.0,0.35,0.0,0.0,0.0,0.0,0.0,0.29,0.0,0.0,0.0,0.0,0.0,0.0,0.17,0.23,0.0,0.0,0.35,4.19,0.0,0.0,0.0,0.0,0.0,0.0,0.0,0.12,0.0,0.0,0.06,0.0,0.0,0.0,0.0,0.0,0.0,0.0,0.41,0.0,0.0,0.06,0.0,0.0,0.0,0.0,0.0,0.0,0.0,0.0,0.0,0.0,0.0,0.06,0.0,0.06,0.06,19.78,0.0,0.0,0.0,0.12,0.0,0.0,0.0,0.06,0.0,0.0,0.0,0.0,0.06,0.0,5.24,0.0,0.0,0.0,2.68,0.12,0.0,0.0,0.41,0.17,0.81,0.0,0.12,0.0,0.0,1.05,0.0,0.0,0.0,0.0,0.0,0.0,0.06
Keelesdale-Eglinton West,110,0.0,0.0,0.05,0.2,0.05,0.0,0.0,0.0,0.0,0.05,0.35,0.0,0.0,0.0,0.0,0.0,1.11,0.0,0.15,0.0,0.05,0.0,0.0,0.0,0.0,0.0,0.05,0.0,58.22,0.0,0.0,0.0,0.0,0.46,0.0,0.0,0.0,0.0,0.0,0.25,0.56,0.0,0.0,0.0,0.0,0.1,0.56,0.2,0.0,0.0,0.15,3.69,0.15,0.0,0.0,0.0,0.0,0.0,0.05,0.15,0.0,0.0,0.0,0.0,0.0,0.0,0.0,0.0,0.0,0.0,0.3,0.0,0.0,0.05,0.0,0.0,0.0,0.05,0.0,0.0,0.0,0.0,0.0,0.0,0.1,0.0,0.0,0.0,0.1,20.13,0.2,0.1,0.05,0.15,0.0,0.0,0.0,0.0,0.0,0.0,0.05,0.0,0.0,0.15,5.87,0.05,0.0,0.0,2.58,0.35,0.0,0.0,0.1,0.25,0.25,0.05,0.51,0.0,0.0,1.92,0.0,0.0,0.0,0.0,0.0,0.0,0.0
Rockcliffe-Smythe,111,0.02,0.07,0.17,0.17,0.35,0.02,0.02,0.0,0.0,0.0,0.32,0.0,0.0,0.02,0.02,0.0,1.22,0.0,0.02,0.0,0.3,0.0,0.0,0.0,0.0,0.0,0.0,0.05,67.72,0.0,0.0,0.0,0.0,0.6,0.0,0.0,0.02,0.0,0.05,0.4,0.05,0.0,0.0,0.02,0.0,0.0,0.12,0.27,0.0,0.02,0.02,1.32,0.0,0.0,0.0,0.0,0.12,0.0,0.0,0.15,0.0,0.0,0.0,0.0,0.07,0.12,0.0,0.02,0.07,0.27,0.27,0.0,0.0,0.12,0.0,0.02,0.0,0.0,0.0,0.0,0.0,0.05,0.05,0.0,0.0,0.0,0.05,0.1,0.87,8.82,0.17,0.1,0.0,0.47,0.0,0.0,0.2,0.0,0.0,0.0,0.0,0.02,0.07,0.85,6.43,0.15,0.0,0.0,0.85,0.17,0.0,0.0,0.12,0.4,0.32,0.6,0.35,0.0,0.0,4.01,0.0,0.0,0.0,0.0,0.0,0.0,0.02
Beechborough-Greenbrook,112,0.0,0.17,0.09,0.26,0.09,0.0,0.0,0.0,0.0,0.0,0.0,0.0,0.0,0.0,0.09,0.0,0.35,0.0,0.0,0.0,0.09,0.0,0.0,0.0,0.0,0.0,0.0,0.0,73.34,0.0,0.0,0.0,0.0,0.52,0.0,0.0,0.0,0.0,0.0,0.09,0.7,0.0,0.0,0.0,0.0,0.09,0.44,0.7,0.0,0.0,0.09,2.79,0.0,0.0,0.0,0.0,0.0,0.0,0.0,0.09,0.0,0.26,0.0,0.0,0.0,0.0,0.0,0.0,0.0,0.0,0.17,0.0,0.0,0.09,0.0,0.0,0.0,0.0,0.0,0.0,0.0,0.0,0.0,0.0,0.0,0.0,0.0,0.09,0.09,8.97,0.0,0.09,0.0,0.0,0.0,0.0,0.09,0.0,0.0,0.0,0.0,0.0,0.0,1.31,2.96,0.0,0.0,0.0,2.09,1.39,0.0,0.0,0.0,0.17,0.44,0.0,0.35,0.0,0.0,1.39,0.0,0.0,0.0,0.0,0.0,0.0,0.09
Weston,113,0.03,0.34,0.22,0.25,0.31,0.0,0.03,0.0,0.0,0.0,0.15,0.0,0.03,0.0,0.09,0.0,0.55,0.0,0.12,0.0,0.06,0.0,0.0,0.0,0.0,0.0,0.0,0.03,76.02,0.0,0.0,0.0,0.0,0.61,0.03,0.03,0.0,0.0,0.03,0.18,0.09,0.0,0.0,0.0,0.0,0.0,0.09,1.05,0.0,0.06,0.03,1.17,0.03,0.0,0.0,0.0,0.09,0.03,0.0,0.25,0.0,0.03,0.0,0.0,0.0,0.0,0.0,0.0,0.0,0.03,0.25,0.0,0.0,0.06,0.0,0.0,0.0,0.0,0.0,0.0,0.0,0.0,0.12,0.0,0.06,0.0,0.0,0.4,0.31,2.95,0.15,0.12,0.0,0.22,0.0,0.0,0.18,0.0,0.0,0.0,0.06,0.03,0.03,3.38,4.46,0.09,0.0,0.0,1.01,1.29,0.0,0.03,0.0,0.18,0.06,0.12,0.18,0.0,0.0,1.97,0.0,0.0,0.0,0.0,0.03,0.0,0.15
Lambton Baby Point,114,0.0,0.07,0.0,0.07,0.13,0.0,0.0,0.0,0.0,0.0,0.0,0.0,0.0,0.07,0.0,0.0,0.07,0.0,0.0,0.0,0.2,0.07,0.0,0.0,0.0,0.0,0.0,0.0,86.18,0.2,0.0,0.0,0.0,1.14,0.0,0.0,0.07,0.0,0.2,0.13,0.0,0.0,0.0,0.0,0.0,0.0,0.07,1.01,0.0,0.0,0.0,0.07,0.0,0.0,0.0,0.0,0.0,0.0,0.0,0.2,0.0,0.0,0.07,0.0,0.0,0.0,0.0,0.0,0.07,0.07,0.34,0.07,0.0,0.0,0.0,0.07,0.0,0.0,0.0,0.0,0.0,0.0,0.13,0.0,0.0,0.0,0.0,0.27,1.48,0.54,0.13,0.13,0.0,1.01,0.0,0.0,0.6,0.07,0.0,0.0,0.0,0.07,0.0,0.67,1.61,0.07,0.0,0.0,0.34,0.0,0.0,0.0,0.0,0.0,0.07,1.88,0.07,0.0,0.0,0.2,0.0,0.0,0.0,0.0,0.07,0.0,0.0
Mount Dennis,115,0.04,0.38,0.67,0.25,0.13,0.0,0.0,0.0,0.04,0.0,0.42,0.0,0.04,0.0,0.21,0.0,1.1,0.0,0.0,0.0,0.17,0.0,0.0,0.0,0.0,0.0,0.0,0.0,70.13,0.0,0.04,0.0,0.0,0.42,0.04,0.0,0.0,0.0,0.0,0.17,0.0,0.0,0.04,0.08,0.04,0.04,0.08,0.38,0.0,0.04,0.17,0.63,0.04,0.0,0.0,0.0,0.04,0.0,0.0,0.72,0.0,0.0,0.0,0.0,0.0,0.0,0.0,0.0,0.04,0.04,0.25,0.0,0.0,0.04,0.0,0.0,0.0,0.0,0.0,0.0,0.0,0.0,0.08,0.0,0.0,0.0,0.0,0.29,0.51,5.43,0.34,0.04,0.0,0.38,0.0,0.0,0.04,0.0,0.0,0.0,0.04,0.0,0.0,2.06,6.11,0.08,0.0,0.0,2.4,0.38,0.0,0.0,0.08,0.38,0.59,0.17,0.17,0.0,0.0,3.16,0.0,0.0,0.0,0.0,0.0,0.0,0.29
Steeles,116,0.0,0.0,0.0,0.0,1.29,0.48,0.0,0.02,0.0,0.0,0.09,0.0,0.0,0.0,0.0,0.02,30.23,0.0,0.0,0.0,0.0,0.0,0.0,0.0,0.0,0.0,0.0,0.0,32.17,0.0,0.0,0.0,0.0,0.14,0.0,0.0,0.0,0.0,0.0,0.6,0.3,0.0,0.46,0.0,0.0,0.0,0.14,0.02,0.0,0.0,0.0,0.44,0.09,0.0,0.02,0.0,0.0,0.0,0.0,0.3,0.02,0.0,0.0,0.0,0.0,0.32,0.0,0.14,0.02,0.0,28.2,0.05,0.05,0.83,0.0,0.0,0.0,0.0,0.0,0.0,0.0,0.0,0.0,0.0,0.0,0.0,0.05,0.16,0.07,0.05,0.14,0.02,0.0,0.09,0.0,0.0,0.02,0.0,0.0,0.05,0.07,0.0,0.0,0.07,0.21,0.0,0.0,0.0,0.65,0.65,0.05,0.02,0.0,0.07,0.05,0.0,0.37,0.0,0.0,0.21,0.0,0.0,0.0,0.0,0.51,0.0,0.0
L'Amoreaux,117,0.0,0.03,0.05,0.04,1.35,3.55,0.06,0.01,0.0,0.01,0.31,0.0,0.0,0.01,0.06,0.03,14.1,0.0,0.08,0.0,0.0,0.01,0.0,0.0,0.0,0.0,0.01,0.0,46.97,0.0,0.0,0.0,0.04,0.61,0.0,0.01,0.0,0.0,0.04,0.9,0.63,0.0,0.27,0.04,0.0,0.0,0.3,0.08,0.0,0.01,0.04,0.72,0.08,0.0,0.03,0.0,0.0,0.0,0.04,0.43,0.09,0.0,0.01,0.0,0.0,0.17,0.0,0.04,0.44,0.01,16.15,0.03,0.05,0.35,0.0,0.0,0.0,0.04,0.0,0.0,0.0,0.0,0.0,0.0,0.01,0.0,0.06,0.94,0.06,0.12,0.18,0.26,0.0,0.14,0.0,0.0,0.06,0.01,0.01,0.14,0.17,0.0,0.01,0.21,0.49,0.04,0.0,0.0,1.87,5.31,0.08,0.01,0.04,0.03,0.12,0.03,0.75,0.0,0.01,0.22,0.0,0.0,0.0,0.0,0.27,0.0,0.01
Tam O'Shanter-Sullivan,118,0.0,0.02,0.06,0.02,1.24,1.68,0.04,0.0,0.0,0.0,0.41,0.02,0.0,0.02,0.09,0.0,12.39,0.0,0.09,0.0,0.04,0.0,0.0,0.0,0.0,0.0,0.0,0.0,53.47,0.02,0.0,0.0,0.0,0.51,0.0,0.0,0.0,0.02,0.04,0.79,0.38,0.0,0.21,0.02,0.0,0.06,0.45,0.17,0.0,0.02,0.15,0.53,0.06,0.0,0.09,0.0,0.0,0.0,0.04,0.62,0.02,0.0,0.02,0.0,0.0,0.28,0.0,0.09,0.13,0.0,13.2,0.06,0.0,0.26,0.0,0.0,0.0,0.02,0.0,0.0,0.0,0.0,0.02,0.0,0.0,0.0,0.17,1.0,0.13,0.11,0.13,0.3,0.0,0.13,0.0,0.0,0.02,0.0,0.0,0.06,0.15,0.0,0.02,0.04,0.58,0.0,0.0,0.0,2.54,3.8,0.34,0.02,0.0,0.04,0.17,0.0,1.9,0.0,0.04,0.17,0.0,0.0,0.0,0.0,0.26,0.0,0.0
Wexford/Maryvale,119,0.0,0.02,0.62,0.1,2.46,0.95,0.02,0.0,0.0,0.0,0.89,0.0,0.0,0.0,0.17,0.0,1.57,0.0,0.06,0.0,0.06,0.0,0.0,0.0,0.0,0.0,0.0,0.0,70.45,0.02,0.0,0.0,0.04,0.68,0.0,0.02,0.02,0.0,0.1,2.34,0.25,0.02,0.04,0.0,0.0,0.06,0.27,0.27,0.0,0.0,0.23,0.95,0.04,0.0,0.0,0.0,0.0,0.0,0.04,0.46,0.12,0.02,0.0,0.0,0.0,0.25,0.0,0.02,0.21,0.0,2.48,0.04,0.0,0.02,0.0,0.0,0.0,0.21,0.0,0.0,0.0,0.0,0.02,0.0,0.0,0.02,0.17,0.7,0.25,0.23,0.27,0.52,0.02,0.14,0.0,0.0,0.14,0.0,0.06,0.08,0.12,0.0,0.06,0.06,1.12,0.02,0.0,0.0,4.18,3.0,0.08,0.0,0.0,0.06,0.5,0.04,1.12,0.06,0.02,0.21,0.0,0.0,0.0,0.0,0.1,0.0,0.0
Clairlea-Birchmount,120,0.0,0.02,0.41,0.78,0.34,0.04,0.02,0.0,0.0,0.0,6.4,0.02,0.0,0.02,0.15,0.02,2.54,0.0,0.11,0.0,0.02,0.02,0.0,0.0,0.0,0.0,0.02,0.02,68.93,0.02,0.0,0.0,0.02,0.65,0.0,0.0,0.0,0.0,0.02,1.42,0.17,0.0,0.06,0.11,0.0,0.06,0.3,0.45,0.0,0.0,0.3,0.84,0.15,0.0,0.0,0.0,0.02,0.02,0.0,0.24,0.02,0.0,0.02,0.0,0.0,0.39,0.0,0.0,0.09,0.0,2.65,0.0,0.0,0.11,0.0,0.0,0.0,0.34,0.0,0.0,0.0,0.02,0.0,0.0,0.02,0.0,0.11,0.82,0.11,0.28,0.41,0.28,0.0,0.24,0.0,0.0,0.13,0.0,0.0,0.04,0.11,0.06,0.02,0.02,0.86,0.04,0.0,0.0,3.34,1.29,0.04,0.04,0.15,0.34,0.13,0.02,2.33,0.02,0.02,0.26,0.0,0.0,0.0,0.0,0.04,0.0,0.02
Oakridge,121,0.0,0.0,0.09,1.2,0.99,0.0,0.0,0.0,0.04,0.0,18.24,0.0,0.0,0.04,0.04,0.0,2.88,0.0,0.09,0.0,0.0,0.04,0.0,0.0,0.0,0.0,0.0,0.0,59.68,0.0,0.0,0.0,0.0,0.82,0.0,0.0,0.0,0.0,0.0,0.6,0.26,0.04,0.13,0.22,0.0,0.0,0.52,0.17,0.0,0.0,0.04,0.52,0.09,0.0,0.0,0.0,0.0,0.0,0.0,0.09,0.04,0.0,0.0,0.04,0.0,0.13,0.0,0.0,0.17,0.0,0.82,0.0,0.0,0.04,0.0,0.0,0.0,0.17,0.0,0.0,0.0,0.09,0.26,0.0,0.0,0.0,0.39,2.11,0.04,0.17,0.26,0.09,0.0,0.17,0.0,0.0,0.04,0.0,0.0,0.04,0.13,0.0,0.0,0.43,0.52,0.09,0.0,0.0,1.89,1.29,0.26,0.0,0.0,0.6,0.09,0.09,2.15,0.0,0.09,0.3,0.0,0.0,0.0,0.04,0.04,0.0,0.09
Birchcliffe-Cliffside,122,0.0,0.0,0.1,0.07,0.17,0.0,0.0,0.0,0.0,0.0,2.05,0.0,0.0,0.05,0.14,0.0,1.33,0.0,0.02,0.0,0.02,0.02,0.0,0.0,0.0,0.0,0.0,0.0,89.78,0.02,0.0,0.0,0.02,0.76,0.0,0.0,0.0,0.0,0.12,0.45,0.07,0.0,0.0,0.02,0.0,0.02,0.07,0.21,0.0,0.0,0.02,0.31,0.07,0.0,0.0,0.0,0.0,0.0,0.0,0.02,0.0,0.0,0.0,0.02,0.0,0.21,0.0,0.0,0.0,0.0,0.57,0.0,0.0,0.02,0.0,0.0,0.0,0.02,0.0,0.0,0.0,0.0,0.0,0.0,0.0,0.0,0.02,0.29,0.12,0.17,0.07,0.1,0.0,0.26,0.0,0.0,0.02,0.05,0.0,0.02,0.0,0.02,0.02,0.0,0.36,0.02,0.0,0.0,0.64,0.29,0.02,0.02,0.02,0.05,0.02,0.02,0.26,0.0,0.0,0.24,0.0,0.0,0.0,0.0,0.02,0.0,0.0
Cliffcrest,123,0.0,0.03,0.1,0.07,0.27,0.03,0.03,0.0,0.0,0.0,5.33,0.03,0.0,0.0,0.03,0.0,1.09,0.0,0.07,0.0,0.03,0.1,0.0,0.0,0.0,0.0,0.03,0.0,81.72,0.07,0.0,0.0,0.0,0.34,0.0,0.0,0.0,0.0,0.1,0.44,0.1,0.03,0.03,0.0,0.03,0.0,0.17,0.07,0.0,0.0,0.07,0.34,0.07,0.0,0.0,0.0,0.0,0.0,0.0,0.17,0.14,0.0,0.03,0.0,0.0,0.17,0.0,0.0,0.07,0.0,1.7,0.0,0.0,0.03,0.0,0.0,0.0,0.07,0.0,0.0,0.0,0.0,0.0,0.0,0.0,0.0,0.03,0.71,0.68,0.14,0.14,0.07,0.0,0.34,0.0,0.0,0.1,0.0,0.0,0.07,0.0,0.0,0.0,0.0,0.37,0.0,0.0,0.0,1.05,2.04,0.0,0.0,0.0,0.1,0.14,0.03,0.51,0.0,0.0,0.2,0.0,0.0,0.0,0.0,0.03,0.0,0.0
Kennedy Park,124,0.0,0.07,0.03,0.74,0.71,0.07,0.0,0.0,0.0,0.0,5.92,0.0,0.0,0.0,0.13,0.03,3.2,0.0,0.27,0.0,0.03,0.0,0.0,0.0,0.0,0.0,0.0,0.0,67.27,0.03,0.0,0.0,0.07,0.37,0.0,0.0,0.0,0.0,0.07,1.04,0.17,0.0,0.13,0.17,0.0,0.03,0.24,0.03,0.0,0.0,0.27,0.94,0.13,0.0,0.0,0.0,0.0,0.0,0.0,0.24,0.03,0.0,0.0,0.0,0.0,0.71,0.0,0.0,0.37,0.0,1.35,0.0,0.0,0.0,0.0,0.0,0.0,0.17,0.0,0.0,0.0,0.0,0.07,0.0,0.0,0.0,0.13,0.84,0.24,0.17,0.34,0.13,0.0,0.0,0.0,0.0,0.1,0.0,0.0,0.07,0.27,0.0,0.0,0.44,0.74,0.03,0.0,0.0,4.54,4.64,0.1,0.0,0.13,0.3,0.17,0.03,1.08,0.0,0.0,0.34,0.0,0.0,0.0,0.0,0.07,0.0,0.0
Ionview,125,0.0,0.04,0.09,0.51,0.85,0.26,0.0,0.0,0.0,0.0,2.09,0.04,0.0,0.0,0.17,0.09,1.92,0.0,0.38,0.0,0.0,0.09,0.0,0.0,0.0,0.0,0.0,0.0,66.82,0.04,0.0,0.0,0.0,0.64,0.0,0.0,0.0,0.04,0.09,1.11,0.21,0.04,0.04,0.09,0.0,0.13,0.81,0.26,0.0,0.0,0.26,0.47,0.09,0.0,0.13,0.0,0.0,0.0,0.0,0.13,0.0,0.04,0.0,0.0,0.0,0.38,0.0,0.04,0.26,0.0,1.41,0.13,0.04,0.04,0.0,0.0,0.0,0.64,0.0,0.0,0.0,0.09,0.0,0.0,0.0,0.0,0.17,0.51,0.21,0.21,0.21,0.17,0.0,0.09,0.0,0.0,0.13,0.0,0.0,0.09,0.13,0.09,0.0,0.09,0.6,0.09,0.0,0.0,5.92,6.22,1.62,0.0,0.09,0.34,0.17,0.04,1.45,0.04,0.0,0.34,0.0,0.0,0.0,0.0,0.04,0.0,0.0
Dorset Park,126,0.0,0.05,0.17,0.22,2.22,0.34,0.02,0.0,0.0,0.0,1.63,0.0,0.0,0.0,0.05,0.0,4.61,0.0,0.07,0.0,0.02,0.02,0.0,0.0,0.0,0.0,0.0,0.0,59.84,0.0,0.0,0.0,0.05,0.51,0.0,0.0,0.0,0.02,0.1,1.39,1.88,0.0,0.24,0.07,0.0,0.07,0.49,0.17,0.0,0.0,0.2,0.27,0.02,0.0,0.02,0.0,0.0,0.0,0.0,0.2,0.1,0.0,0.0,0.0,0.0,0.27,0.0,0.0,0.24,0.0,3.76,0.07,0.0,0.05,0.0,0.02,0.0,0.1,0.0,0.0,0.0,0.0,0.02,0.0,0.0,0.0,0.34,1.59,0.12,0.15,0.32,0.27,0.0,0.12,0.0,0.0,0.12,0.0,0.02,0.05,0.1,0.0,0.0,0.07,0.59,0.0,0.0,0.0,4.98,8.34,0.22,0.0,0.02,0.07,0.17,0.0,2.29,0.0,0.0,0.34,0.0,0.0,0.0,0.0,0.07,0.0,0.0
Bendale,127,0.0,0.0,0.1,0.16,0.89,0.06,0.0,0.0,0.0,0.0,1.57,0.02,0.0,0.02,0.02,0.02,4.96,0.0,0.12,0.0,0.04,0.02,0.0,0.0,0.0,0.0,0.0,0.0,61.05,0.0,0.0,0.0,0.0,0.52,0.0,0.0,0.0,0.0,0.04,1.05,2.49,0.0,0.14,0.06,0.0,0.04,0.82,0.1,0.0,0.0,0.16,0.37,0.12,0.0,0.04,0.0,0.02,0.0,0.02,0.45,0.02,0.0,0.0,0.02,0.0,0.49,0.0,0.02,0.23,0.0,6.55,0.06,0.0,0.06,0.0,0.0,0.0,0.16,0.0,0.0,0.0,0.02,0.0,0.0,0.04,0.0,0.68,1.42,0.21,0.19,0.35,0.14,0.0,0.12,0.0,0.0,0.1,0.02,0.0,0.06,0.19,0.04,0.0,0.08,0.86,0.08,0.0,0.0,3.19,5.64,0.17,0.0,0.08,0.06,0.17,0.02,2.66,0.0,0.04,0.23,0.0,0.0,0.0,0.0,0.1,0.0,0.0
Agincourt South-Malvern West,128,0.0,0.05,0.0,0.0,0.6,0.24,0.0,0.0,0.0,0.0,0.31,0.0,0.0,0.0,0.05,0.05,19.66,0.0,0.05,0.0,0.0,0.0,0.0,0.0,0.0,0.0,0.0,0.0,47.0,0.0,0.0,0.0,0.0,0.29,0.0,0.0,0.0,0.0,0.07,0.72,1.6,0.0,0.26,0.0,0.0,0.02,0.5,0.02,0.0,0.0,0.05,0.79,0.12,0.0,0.02,0.0,0.0,0.0,0.0,0.33,0.0,0.0,0.0,0.0,0.0,0.12,0.0,0.0,0.07,0.0,17.1,0.0,0.0,0.41,0.0,0.02,0.0,0.02,0.0,0.0,0.0,0.02,0.0,0.0,0.0,0.0,0.07,0.55,0.07,0.14,0.36,0.1,0.0,0.1,0.0,0.0,0.02,0.0,0.0,0.07,0.14,0.0,0.02,0.02,0.36,0.02,0.0,0.0,1.07,3.85,0.12,0.0,0.0,0.0,0.02,0.38,1.48,0.0,0.0,0.19,0.0,0.0,0.0,0.0,0.26,0.0,0.0
Agincourt North,129,0.0,0.0,0.02,0.0,0.47,0.23,0.0,0.0,0.0,0.0,0.14,0.02,0.0,0.0,0.02,0.0,32.23,0.0,0.0,0.0,0.02,0.0,0.0,0.0,0.0,0.0,0.0,0.0,37.84,0.0,0.0,0.0,0.0,0.21,0.0,0.0,0.0,0.0,0.0,0.25,0.41,0.04,0.59,0.02,0.0,0.0,0.49,0.02,0.0,0.0,0.04,0.18,0.1,0.0,0.0,0.0,0.0,0.0,0.0,0.14,0.02,0.0,0.0,0.0,0.02,0.08,0.0,0.04,0.1,0.0,14.47,0.0,0.06,0.41,0.0,0.0,0.0,0.02,0.0,0.0,0.0,0.0,0.0,0.0,0.02,0.0,0.14,0.21,0.02,0.1,0.25,0.0,0.0,0.0,0.0,0.0,0.0,0.0,0.0,0.04,0.08,0.0,0.0,0.06,0.35,0.0,0.0,0.0,1.52,7.15,0.08,0.0,0.0,0.0,0.02,0.0,0.86,0.0,0.0,0.2,0.0,0.0,0.0,0.0,0.23,0.0,0.0
Milliken,130,0.0,0.02,0.0,0.0,0.21,0.11,0.0,0.0,0.0,0.0,0.09,0.0,0.0,0.0,0.0,0.0,36.91,0.0,0.04,0.0,0.0,0.02,0.0,0.0,0.0,0.0,0.0,0.0,31.95,0.0,0.0,0.0,0.0,0.06,0.0,0.0,0.0,0.0,0.0,0.19,0.38,0.0,0.88,0.0,0.0,0.0,0.21,0.02,0.0,0.0,0.02,0.04,0.06,0.0,0.0,0.0,0.0,0.0,0.0,0.04,0.0,0.0,0.0,0.0,0.0,0.11,0.0,0.04,0.09,0.0,20.48,0.0,0.06,0.81,0.0,0.0,0.0,0.0,0.0,0.0,0.0,0.0,0.0,0.0,0.0,0.0,0.02,0.21,0.02,0.04,0.34,0.0,0.0,0.02,0.0,0.0,0.0,0.0,0.0,0.02,0.13,0.0,0.0,0.0,0.17,0.0,0.0,0.0,1.2,3.95,0.04,0.0,0.0,0.02,0.06,0.0,0.43,0.0,0.0,0.21,0.0,0.0,0.0,0.0,0.23,0.0,0.0
Rouge,131,0.01,0.04,0.01,0.11,0.27,0.05,0.0,0.0,0.0,0.01,0.68,0.0,0.0,0.01,0.01,0.0,1.54,0.0,0.04,0.0,0.0,0.01,0.0,0.0,0.0,0.0,0.01,0.0,70.8,0.0,0.0,0.0,0.0,0.35,0.01,0.01,0.0,0.0,0.05,0.06,1.37,0.0,0.14,0.06,0.0,0.01,0.47,0.02,0.0,0.0,0.1,0.15,0.0,0.0,0.02,0.0,0.0,0.0,0.0,0.07,0.01,0.0,0.0,0.0,0.0,0.05,0.0,0.0,0.35,0.01,0.7,0.06,0.0,0.07,0.0,0.0,0.0,0.02,0.0,0.0,0.0,0.0,0.02,0.0,0.01,0.0,0.1,0.58,0.26,0.12,0.8,0.09,0.01,0.06,0.0,0.0,0.02,0.0,0.0,0.05,0.14,0.0,0.0,0.07,0.32,0.0,0.0,0.0,2.54,14.94,0.16,0.0,0.0,0.04,0.0,0.04,1.63,0.0,0.0,0.15,0.0,0.0,0.0,0.0,0.02,0.0,0.01
Malvern,132,0.0,0.07,0.03,0.16,0.57,0.04,0.0,0.0,0.0,0.0,0.94,0.01,0.0,0.0,0.03,0.01,3.79,0.0,0.09,0.0,0.04,0.09,0.0,0.0,0.0,0.0,0.0,0.01,64.51,0.0,0.0,0.0,0.01,0.49,0.0,0.03,0.0,0.0,0.0,0.08,2.76,0.0,0.12,0.03,0.0,0.01,0.62,0.05,0.0,0.01,0.19,0.08,0.03,0.0,0.0,0.0,0.0,0.01,0.0,0.13,0.03,0.03,0.01,0.0,0.0,0.08,0.0,0.0,0.19,0.01,1.82,0.03,0.01,0.03,0.0,0.0,0.0,0.03,0.0,0.0,0.0,0.01,0.04,0.0,0.0,0.0,0.25,0.49,0.15,0.09,1.1,0.03,0.0,0.08,0.0,0.0,0.01,0.0,0.0,0.03,0.16,0.0,0.0,0.11,0.58,0.03,0.0,0.0,3.77,11.47,0.07,0.01,0.01,0.04,0.05,0.0,3.66,0.01,0.01,0.32,0.0,0.0,0.0,0.0,0.07,0.0,0.05
Centennial Scarborough,133,0.0,0.04,0.04,0.04,0.24,0.08,0.04,0.0,0.0,0.0,1.09,0.0,0.0,0.0,0.0,0.0,0.76,0.0,0.04,0.0,0.0,0.04,0.0,0.0,0.0,0.0,0.04,0.0,87.04,0.04,0.0,0.0,0.04,0.32,0.0,0.0,0.0,0.0,0.08,0.08,0.28,0.0,0.0,0.0,0.0,0.0,0.24,0.0,0.0,0.0,0.04,0.4,0.04,0.0,0.04,0.0,0.0,0.0,0.0,0.16,0.0,0.0,0.0,0.0,0.04,0.24,0.0,0.04,0.04,0.0,1.13,0.04,0.0,0.04,0.0,0.0,0.0,0.0,0.0,0.0,0.0,0.0,0.0,0.0,0.0,0.0,0.0,0.56,0.68,0.12,0.28,0.36,0.0,0.28,0.0,0.0,0.12,0.04,0.0,0.04,0.16,0.0,0.0,0.0,0.4,0.0,0.0,0.0,1.21,1.89,0.0,0.0,0.0,0.0,0.0,0.04,0.76,0.0,0.0,0.16,0.0,0.0,0.0,0.0,0.04,0.0,0.0
Highland Creek,134,0.0,0.0,0.09,0.05,0.36,0.09,0.05,0.0,0.0,0.0,1.08,0.0,0.0,0.0,0.0,0.05,2.21,0.0,0.0,0.0,0.0,0.05,0.0,0.0,0.0,0.0,0.05,0.0,74.11,0.05,0.0,0.0,0.0,0.18,0.0,0.0,0.0,0.0,0.05,0.41,0.81,0.0,0.14,0.05,0.0,0.05,0.45,0.05,0.0,0.0,0.0,0.68,0.09,0.0,0.0,0.0,0.0,0.0,0.05,0.45,0.0,0.0,0.0,0.0,0.0,0.86,0.0,0.0,0.45,0.0,1.89,0.14,0.0,0.09,0.0,0.0,0.0,0.05,0.0,0.0,0.0,0.05,0.0,0.0,0.0,0.0,0.32,0.54,0.36,0.18,0.68,0.14,0.0,0.05,0.0,0.0,0.09,0.05,0.0,0.0,0.36,0.0,0.0,0.0,0.36,0.0,0.0,0.0,1.53,8.3,0.0,0.05,0.0,0.0,0.05,0.05,1.4,0.0,0.0,0.32,0.0,0.0,0.0,0.0,0.05,0.0,0.0
Morningside,135,0.03,0.07,0.03,0.07,0.69,0.1,0.07,0.0,0.0,0.0,1.09,0.0,0.0,0.0,0.03,0.0,1.05,0.0,0.07,0.03,0.07,0.0,0.0,0.0,0.0,0.0,0.0,0.0,72.64,0.0,0.0,0.0,0.0,0.72,0.0,0.0,0.0,0.0,0.07,0.43,1.15,0.03,0.0,0.03,0.0,0.0,0.53,0.07,0.0,0.0,0.23,0.16,0.07,0.0,0.03,0.0,0.0,0.03,0.0,0.3,0.0,0.0,0.07,0.0,0.0,0.2,0.0,0.03,1.19,0.0,1.81,0.0,0.0,0.03,0.0,0.0,0.0,0.07,0.0,0.0,0.0,0.0,0.03,0.0,0.03,0.0,0.3,0.76,0.4,0.13,0.4,0.23,0.0,0.0,0.0,0.0,0.03,0.0,0.03,0.03,0.33,0.0,0.0,0.1,0.66,0.1,0.03,0.0,3.36,7.08,0.1,0.03,0.07,0.03,0.07,0.03,1.94,0.0,0.0,0.36,0.0,0.0,0.0,0.03,0.03,0.0,0.0
West Hill,136,0.0,0.21,0.02,0.41,0.35,0.04,0.02,0.0,0.0,0.0,2.3,0.0,0.0,0.02,0.02,0.0,0.79,0.0,0.08,0.0,0.0,0.02,0.0,0.0,0.0,0.0,0.0,0.02,79.33,0.19,0.0,0.0,0.02,0.87,0.0,0.02,0.0,0.0,0.08,0.41,0.27,0.04,0.02,0.08,0.02,0.02,0.27,0.31,0.0,0.0,0.1,0.52,0.06,0.0,0.0,0.0,0.04,0.04,0.0,0.1,0.02,0.0,0.0,0.0,0.0,0.33,0.0,0.02,0.21,0.0,0.83,0.04,0.0,0.04,0.0,0.0,0.0,0.62,0.0,0.0,0.0,0.0,0.06,0.0,0.04,0.0,0.12,0.97,0.41,0.12,0.29,0.25,0.02,0.25,0.0,0.0,0.06,0.0,0.02,0.02,0.08,0.02,0.0,0.23,0.87,0.04,0.0,0.0,2.52,2.59,0.0,0.0,0.02,0.1,0.04,0.0,1.26,0.0,0.0,0.27,0.0,0.02,0.0,0.0,0.0,0.0,0.04
Woburn,137,0.0,0.03,0.18,0.14,0.58,0.1,0.0,0.0,0.0,0.0,1.26,0.0,0.0,0.0,0.03,0.01,2.62,0.0,0.07,0.0,0.04,0.11,0.0,0.0,0.0,0.0,0.0,0.0,61.34,0.0,0.0,0.0,0.01,0.48,0.0,0.01,0.0,0.0,0.1,0.56,8.0,0.02,0.02,0.02,0.01,0.01,1.11,0.14,0.0,0.0,0.12,0.31,0.08,0.0,0.01,0.0,0.0,0.0,0.02,0.19,0.04,0.0,0.02,0.02,0.0,0.32,0.0,0.01,0.62,0.01,2.64,0.12,0.0,0.02,0.0,0.01,0.0,0.04,0.0,0.0,0.0,0.02,0.02,0.0,0.01,0.0,0.45,1.57,0.2,0.2,0.65,0.14,0.0,0.09,0.0,0.0,0.02,0.0,0.01,0.05,0.24,0.02,0.02,0.16,0.66,0.1,0.0,0.0,2.52,7.69,0.25,0.01,0.0,0.03,0.1,0.01,2.82,0.0,0.0,0.23,0.0,0.0,0.0,0.0,0.08,0.0,0.01
Eglinton East,138,0.0,0.03,0.15,0.34,0.49,0.13,0.0,0.0,0.0,0.0,2.55,0.0,0.0,0.0,0.0,0.05,1.32,0.0,0.15,0.0,0.03,0.0,0.0,0.0,0.0,0.0,0.0,0.05,67.04,0.0,0.0,0.0,0.05,1.13,0.0,0.0,0.0,0.08,0.05,0.9,0.34,0.05,0.13,0.05,0.0,0.13,0.23,0.21,0.0,0.0,0.26,0.57,0.08,0.0,0.03,0.03,0.0,0.0,0.03,0.13,0.03,0.0,0.0,0.0,0.0,0.67,0.0,0.0,0.34,0.0,1.13,0.05,0.0,0.05,0.0,0.0,0.0,0.41,0.0,0.0,0.0,0.0,0.05,0.0,0.0,0.0,0.26,1.29,0.23,0.34,0.18,0.15,0.0,0.05,0.0,0.0,0.15,0.0,0.03,0.1,0.15,0.0,0.0,0.39,0.8,0.08,0.0,0.0,4.46,9.72,0.41,0.03,0.0,0.21,0.08,0.03,0.98,0.0,0.0,0.28,0.0,0.0,0.0,0.0,0.08,0.0,0.0
Scarborough Village,139,0.0,0.11,0.04,0.49,0.7,0.07,0.0,0.0,0.0,0.0,3.37,0.0,0.0,0.0,0.0,0.0,0.77,0.0,0.04,0.0,0.11,0.11,0.0,0.0,0.0,0.0,0.0,0.07,68.97,0.04,0.0,0.0,0.0,0.91,0.04,0.0,0.0,0.0,0.07,0.32,0.49,0.07,0.04,0.07,0.0,0.0,0.32,0.25,0.0,0.04,0.11,0.46,0.07,0.0,0.0,0.0,0.0,0.0,0.0,0.14,0.04,0.0,0.0,0.0,0.0,0.42,0.0,0.0,0.67,0.0,0.74,0.0,0.0,0.04,0.0,0.0,0.0,0.25,0.0,0.0,0.0,0.0,0.0,0.0,0.04,0.04,0.56,2.45,0.49,0.14,0.28,0.07,0.04,0.14,0.0,0.0,0.0,0.0,0.0,0.04,0.18,0.07,0.0,0.11,0.95,0.07,0.0,0.0,2.31,7.01,0.28,0.0,0.0,0.14,0.07,0.0,4.0,0.0,0.0,0.11,0.0,0.0,0.0,0.07,0.0,0.0,0.0
Guildwood,140,0.0,0.0,0.11,0.11,0.16,0.0,0.0,0.0,0.0,0.0,1.31,0.0,0.0,0.05,0.11,0.0,0.54,0.0,0.0,0.0,0.05,0.0,0.0,0.0,0.0,0.0,0.05,0.0,89.92,0.11,0.0,0.0,0.05,0.49,0.0,0.0,0.0,0.0,0.27,0.33,0.05,0.05,0.0,0.0,0.0,0.05,0.05,0.27,0.0,0.0,0.0,0.05,0.11,0.0,0.0,0.0,0.0,0.0,0.0,0.16,0.0,0.0,0.0,0.0,0.0,0.11,0.0,0.0,0.11,0.0,0.65,0.0,0.0,0.0,0.0,0.0,0.0,0.0,0.0,0.0,0.0,0.0,0.0,0.0,0.0,0.0,0.0,0.38,0.54,0.11,0.05,0.54,0.0,0.27,0.0,0.0,0.16,0.0,0.0,0.05,0.0,0.11,0.0,0.0,0.44,0.0,0.0,0.0,0.87,0.71,0.05,0.0,0.0,0.0,0.05,0.0,0.16,0.0,0.0,0.11,0.0,0.0,0.0,0.0,0.0,0.0,0.0
